Star,FeO,Na2O,MgO,Al2O3,SiO2,CaO,TiO2,Cr2O3
Sun,8.022871382,0.331411862,37.92564057,3.318830188,47.04549376,3.179578462,0.176173779,0
BD+062932,7.935392069,0.10108203,36.83314737,2.536827505,47.84360948,4.361897463,0.388044085,0
BD+063077,,,,,,,,
BD+083095,,,,,,,,
BD-002387,5.967067137,0.52987791,28.0375906,4.109536075,56.79705219,4.14168735,0.417188736,0
BD-010184,8.002354965,0.365007894,36.97150523,5.307857316,45.3369436,3.608309271,0.408021721,0
BD-012505,7.83522411,0.423541645,35.43733012,4.192886453,47.53856856,4.110528048,0.461921065,0
BD-033746,9.566275053,0.47765013,42.52798199,5.196690862,34.13971423,7.363959595,0.727728143,0
BD-034797,8.126069924,0.561305732,37.64994555,4.941018269,45.01419195,3.282471576,0.424997004,0
BD-044138,8.218101303,0.535766687,37.19979799,5.076830789,44.16982593,4.415472692,0.384204611,0
BD-050484,,,,,,,,
BD-050578,7.863772997,0.349010193,37.10248397,3.307159138,47.97202952,3.074960971,0.330583213,0
BD-053176,8.212175483,0.529167912,37.68411987,4.934128819,44.74489392,3.456169219,0.439344776,0
BD-053596,8.498734659,0.368423943,36.63639399,5.622957849,42.70687826,5.69310695,0.473504351,0
BD-054065,8.143108725,0.259610902,39.70889494,2.678797645,45.86410335,3.03615838,0.309326061,0
BD-060904,8.185777492,0.288368075,39.85768339,3.065943591,44.98804896,3.257981955,0.356196532,0
BD-063481,7.708242195,0.375302174,36.80831659,3.169553325,48.4764783,3.14327644,0.318830976,0
BD-064196,7.356269175,0.27096148,34.15642682,2.828293914,51.41117597,3.638388358,0.338484274,0
BD-064756,8.075846303,0.341878535,36.51209132,3.086660159,46.8836932,4.654503174,0.445327305,0
BD-082534,,,,,,,,
BD-082823,7.215294053,0.398539965,32.88794622,3.56524074,51.478023,4.115981129,0.338974896,0
BD-090872,7.864627417,0.327907725,35.26277802,2.681443377,48.07304476,5.354921944,0.435276762,0
BD-091261,9.19757739,0.394322588,40.9653369,5.314576198,37.84440113,5.752453976,0.531331812,0
BD-092670,8.099765027,0.328576699,37.25646433,3.120712388,46.85832323,3.914157159,0.422001173,0
BD-094191,7.962953426,0.348633452,35.96946115,3.630663833,46.82944792,4.868224004,0.390616218,0
BD-112763,8.414979432,0.220833712,40.33018806,2.955849748,44.58772903,3.162764598,0.32765542,0
BD-120327,,,,,,,,
BD-123458,,,,,,,,
BD-130116,7.866738883,0.569319338,32.57772935,6.76040817,44.61757034,7.101620041,0.506613877,0
BD-130321,7.587557252,0.504517354,34.39069752,4.892074831,48.53176551,3.654917734,0.438469793,0
BD-131161,8.224179356,0.300380206,40.10847833,6.099416536,42.24947258,2.69570775,0.32236524,0
BD-140184,,,,,,,,
BD-145003,,,,,,,,
BD-160308,,,,,,,,
BD-160931,6.35989212,0.281535294,30.27594605,2.686271037,56.32261737,3.694318579,0.379419559,0
BD-170063,,,,,,,,
BD-173242,8.477023103,0.397535736,37.49221077,4.092542111,43.80524928,5.276885508,0.458553495,0
BD-195953,7.254918345,0.398837332,33.21702076,4.339231144,50.92672917,3.489773974,0.373489274,0
BD-213153,8.61496888,0.209272563,40.02000772,3.164676159,43.73833778,3.896850905,0.355885991,0
BD-223528,7.979960708,0.368406512,37.22992606,3.732022735,46.71725104,3.616835821,0.355597122,0
CD-2310879,7.673288366,0.296204094,35.2497411,4.562554225,48.27708484,3.544806661,0.396320705,0
CD-436810,,,,,,,,
CD-4512460,7.509477286,0.172950354,36.34848635,2.713553807,48.9859389,3.783754513,0.485838793,0
CD-452997,,,,,,,,
CD-571633,7.098914291,0.111778763,33.56790007,20.74800198,34.71436934,3.414764794,0.344270767,0
HD10002,7.94919145,0.347768501,38.62381062,3.395527298,46.71326523,2.613916684,0.356520213,0
HD100289,8.006582318,0.376509287,38.57807636,3.231414546,46.55064197,2.915930645,0.340844874,0
HD100508,7.362098134,0.494324646,34.96046008,3.31611243,50.95211845,2.500424589,0.414461666,0
HD100777,,,,,,,,
HD101339,7.940967053,0.324438558,37.55755722,3.211807034,47.34590734,3.259372218,0.359950577,0
HD101367,7.735134713,0.495687728,36.87848247,3.587774584,48.23454075,2.674297161,0.394082593,0
HD101581,8.327662676,0.366924852,38.29499368,3.901163116,43.8255231,4.848178755,0.435553827,0
HD101612,7.764088579,0.34678463,36.19301107,2.962625951,48.66422617,3.681809698,0.387453908,0
HD101644,8.041902656,0.346588979,38.93853645,2.974621627,46.02191969,3.309910463,0.366520129,0
HD101650,,,,,,,,
HD10166,,,,,,,,
HD10180,7.949101712,0.382099329,38.17166911,3.530150799,46.59359889,3.021188147,0.352192004,0
HD101930,8.344635469,0.361983589,41.23383765,3.008194159,43.93785616,2.739620318,0.373872647,0
HD102117,7.868114005,0.358316716,37.91682325,3.466442904,47.25165782,2.781432761,0.357212541,0
HD102136,7.68703691,0.312923761,36.47568167,2.673348172,49.27067625,3.246684131,0.333649099,0
HD102300,,,,,,,,
HD102365,,,,,,,,
HD102438,,,,,,,,
HD102843,8.067277439,0.271728899,39.1472,3.386513504,46.05595698,2.717298358,0.354024819,0
HD103197,7.940006577,0.363131716,38.42634323,2.842373626,47.4475906,2.612556426,0.36799783,0
HD103720,7.414505437,0.304572986,34.6941503,2.939736215,51.03185578,3.271092891,0.3440864,0
HD103891,,,,,,,,
HD103949,7.982940129,0.359374861,37.85406898,3.468683515,46.95671159,2.996050924,0.382170003,0
HD104006,,,,,,,,
HD104067,8.046688357,0.335700084,38.68265953,2.941497153,46.24890251,3.41942393,0.325128436,0
HD104263,,,,,,,,
HD104760A,8.064053048,0.38112813,37.72557597,3.843155758,46.36827987,3.258911002,0.35889622,0
HD104800,,,,,,,,
HD104982,8.239808712,0.312317748,40.10158511,3.421477171,44.43719587,3.14483715,0.342778241,0
HD105004,,,,,,,,
HD105671,7.948163063,0.306252675,36.36174914,4.233473771,47.01428896,3.785135124,0.350937269,0
HD105779,7.955058394,0.326372053,37.95577283,3.375436527,46.75875561,3.271255459,0.357349123,0
HD105837,,,,,,,,
HD105938,7.729749173,0.275372121,36.01511823,4.069461574,48.20254302,3.303098056,0.404657826,0
HD106116,8.029413911,0.366930014,38.38381277,3.405651615,46.53001776,2.92135768,0.362816259,0
HD106275,7.710590695,0.331022712,36.42693812,3.209776367,48.97875868,2.936698015,0.406215416,0
HD106290,7.226869823,0.4055711,33.16132509,4.165661564,51.31176838,3.350182745,0.378621301,0
HD10647,7.656044135,0.298586424,35.12650432,3.44895112,49.34237374,3.71596448,0.411575783,0
HD106589,8.049311033,0.289030838,38.86056016,3.842033644,45.40400498,3.213258598,0.341800751,0
HD10700,,,,,,,,
HD107094,,,,,,,,
HD107148,8.087825,0.493635434,38.19189446,3.673020132,46.1908876,2.988187351,0.374550026,0
HD108063,7.429260879,0.940505746,35.39372959,4.130269931,49.14863205,2.590376849,0.367224958,0
HD108147,7.428911961,0.31038183,34.15554065,3.560518703,50.58785562,3.571887614,0.384903619,0
HD108309,7.969539798,0.360077303,38.27900333,3.491505485,46.61715095,2.93357532,0.349147812,0
HD108341,7.471643788,0.297741393,35.67829492,2.981646811,50.58120801,2.64752892,0.341936153,0
HD108564,,,,,,,,
HD108768,7.917255509,0.375512603,36.99894945,3.252681204,47.83816353,3.248074744,0.369362967,0
HD108935,8.597636255,0.31464356,41.43656271,3.939452148,41.68394636,3.65443586,0.373323106,0
HD10895,8.229821246,0.294708913,39.08032313,2.360533961,46.08326616,3.592483379,0.358863213,0
HD109098,7.914626548,0.362906006,38.0503828,3.51893413,46.87530823,2.916054603,0.361787687,0
HD109200,,,,,,,,
HD109271,8.233783174,0.285352959,38.63200568,3.622424674,45.55461308,3.299011867,0.372808568,0
HD109310,,,,,,,,
HD109368,8.837983903,0.318073838,41.40881707,3.244478731,41.46464299,4.380558109,0.34544536,0
HD109409,7.827998495,0.481421931,36.99054638,3.69949848,47.82729868,2.802382212,0.370853827,0
HD109423,7.418044856,0.280075331,34.98160516,2.747209885,50.98293573,3.245460704,0.344668337,0
HD109684,,,,,,,,
HD109723,8.463329056,0.271700218,39.32374414,2.908753835,44.79607549,3.864483732,0.371913524,0
HD109988,,,,,,,,
HD110291,8.294249525,0.31312673,39.3808438,3.260897326,45.17208365,3.226425483,0.352373487,0
HD110557,8.154195346,0.28923,39.15689193,3.025940051,45.85569907,3.171354814,0.346688793,0
HD110619,,,,,,,,
HD110668,7.570657146,0.40235612,35.57750488,3.74306694,49.29020144,3.059229851,0.356983625,0
HD111031,7.842356865,0.432330643,37.2718452,3.651177958,47.63936893,2.797805472,0.365114934,0
HD111232,,,,,,,,
HD111515,,,,,,,,
HD111564,8.148437599,0.368527572,38.7288731,3.516308476,45.77411607,3.107931815,0.355805365,0
HD111777,,,,,,,,
HD112100,8.283878959,0.311349815,40.4402179,3.05397582,44.40159725,3.149561613,0.35941864,0
HD11226,7.871568032,0.380234032,37.20624659,3.561787187,47.44614876,3.184582335,0.349433059,0
HD112283,7.631009517,0.337402173,34.81069952,2.647066536,49.922676,4.103452136,0.547694121,0
HD112540,7.827374218,0.329336773,36.24141126,3.421820378,48.17150415,3.602813014,0.405740209,0
HD113101,,,,,,,,
HD113513,7.149369956,0.359219518,32.42834624,6.081026675,49.71757156,3.796307851,0.468158199,0
HD113569,8.435860599,0.340228533,40.11766127,3.179711474,44.04744411,3.513761086,0.365332927,0
HD113679,,,,,,,,
HD11397,,,,,,,,
HD114076,,,,,,,,
HD114386,8.425664919,0.338587559,40.3864678,3.599879624,43.43311498,3.432989642,0.383295473,0
HD114561,7.998951476,0.340990922,37.26556342,3.494296869,47.19465308,3.309362288,0.39618194,0
HD114613,7.848578908,0.410078753,37.53463036,3.368869984,47.53541058,2.95711875,0.345312659,0
HD114729,,,,,,,,
HD114747,,,,,,,,
HD114783,,,,,,,,
HD114853,8.226342611,0.267320588,40.14184063,3.301029379,44.37949832,3.334524432,0.34944404,0
HD11505,,,,,,,,
HD115341,7.915842525,0.376545467,36.42355225,3.486859159,47.63952305,3.756807309,0.400870239,0
HD115499,8.060121597,0.308274408,37.19652324,2.968618948,47.10721772,3.989688325,0.369555764,0
HD115585,7.975287379,0.540391135,38.7501235,3.43024546,46.43636297,2.521794613,0.345794936,0
HD115617,8.198087075,0.292333513,39.75973493,3.322734092,44.67129952,3.410987296,0.344823567,0
HD115674,8.072286229,0.32264058,37.86900238,3.223561584,46.65186073,3.489156793,0.371491707,0
HD115773,7.872914375,0.329470803,36.84527567,3.535362226,47.52990172,3.489943786,0.397131426,0
HD115902,8.304627184,0.332949509,40.17383151,3.341914703,44.41486639,3.085885982,0.345924718,0
HD11608,7.087105898,0.388870672,32.76197433,4.399690968,52.1140916,2.876117915,0.372148611,0
HD116259,,,,,,,,
HD116284,7.818982666,0.29773471,36.76159474,3.368576777,48.08165958,3.294814472,0.376637062,0
HD116410,7.721144613,0.441870967,36.04627091,3.563792827,48.69063613,3.186375571,0.349908985,0
HD11683,8.856586982,0.232730322,42.99498932,3.217139942,40.83221615,3.506343558,0.359993731,0
HD116858,7.797831819,0.285646654,36.59266308,3.072176226,48.41490936,3.474006594,0.362766269,0
HD116883,8.109241482,0.232980557,38.53759023,2.629884419,46.71643148,3.44604684,0.327824991,0
HD116920,8.159001389,0.309637265,38.23121483,3.353282988,45.92014012,3.663150147,0.363573258,0
HD116963,7.812974116,0.225815736,34.77915919,4.368890758,47.85245071,4.547321915,0.413387576,0
HD1171,,,,,,,,
HD117105,,,,,,,,
HD117207,7.895063814,0.383684227,37.71714587,3.315819861,47.54708838,2.785963632,0.355234219,0
HD117359,8.172370105,0.248163399,39.74683974,2.94682748,45.59190195,2.956236844,0.337660483,0
HD117618,7.943094371,0.373503318,37.48515745,3.58023428,47.0375232,3.223264619,0.357222763,0
HD117938,7.694843558,0.424505172,35.03062296,3.158638813,48.86894538,4.455377242,0.367066872,0
HD118466,7.619678775,0.330065864,35.82329148,3.397954772,49.63072198,2.84840742,0.349879703,0
HD118563,8.127851717,0.314766683,37.97988385,3.323576959,46.46636917,3.404005507,0.383546114,0
HD119173,,,,,,,,
HD119291,7.847515063,0.593399633,36.05057104,3.836756659,46.82709912,4.532614357,0.312044125,0
HD11938,6.805050898,0.423575964,30.79613279,3.455797538,53.96116157,4.235774243,0.322506989,0
HD119503,6.982006723,0.287395623,32.5870483,2.904672221,53.78115569,3.100856336,0.356865107,0
HD119629,6.717017719,0.266315273,30.54646428,3.531937872,54.64444942,3.867208342,0.426607092,0
HD119638,7.807243628,0.352777152,36.81843499,3.327495152,47.93474601,3.400180293,0.359122783,0
HD11964A,8.28124303,0.267829207,40.40385563,2.940863842,44.77214656,2.998191939,0.33586979,0
HD119782,7.89122951,0.298776856,37.66273278,2.850781528,47.69764479,3.260982367,0.337852168,0
HD119949,,,,,,,,
HD120344,8.205152411,0.277468006,39.7903526,3.387114631,44.80875671,3.171132651,0.360022989,0
HD120362,9.231960435,0.21681336,46.62844315,2.527569013,37.95211833,3.112343601,0.330752108,0
HD120491,8.974334858,0.646310748,43.25200589,3.097835561,39.590534,4.059222669,0.379756268,0
HD121004,,,,,,,,
HD121504,7.840441207,0.334501184,36.22117501,3.572848835,48.14460643,3.502669464,0.383757863,0
HD122308,7.646318396,0.291612703,35.75784299,3.306917956,49.19901629,3.434060441,0.364231223,0
HD122474,8.142898255,0.391557002,38.49105989,3.559688349,46.12591306,2.929520163,0.359363285,0
HD122862,7.818444814,0.344988204,37.18511428,3.376146067,47.6380775,3.271943097,0.36528604,0
HD123265,,,,,,,,
HD123319,,,,,,,,
HD12345,8.050223205,0.301761248,39.10464456,3.252972934,45.90008069,3.038540045,0.35177732,0
HD123517,7.739439664,0.339915129,36.8922693,2.716360942,48.81131146,3.135970668,0.364732835,0
HD123619,,,,,,,,
HD123651,,,,,,,,
HD1237,7.676113976,0.332596995,35.76705611,2.645667749,49.55281171,3.672144966,0.353608494,0
HD12387,,,,,,,,
HD124106,7.618894408,0.280692421,35.87530169,2.909696348,49.70277857,3.267624799,0.345011765,0
HD124292,,,,,,,,
HD124364,8.140507169,0.288080302,39.36211617,2.958901759,45.67342131,3.23232529,0.344648006,0
HD124785,,,,,,,,
HD125072,7.99061326,0.487069558,38.38449769,4.499952906,45.57649968,2.701422316,0.359944588,0
HD125184,8.098848537,0.335427001,39.18888384,3.297729288,45.89316404,2.822276217,0.363671074,0
HD125271,8.639837107,0.323012748,40.43752231,3.809225166,42.69427506,3.708695344,0.38743227,0
HD125455,7.997057322,0.30805889,38.56546932,3.215516392,46.53542953,3.031344134,0.347124415,0
HD125522,7.94349019,0.355464066,37.61495784,3.239012967,46.6601022,3.817659592,0.369313145,0
HD125595,8.326518877,0.434094552,39.5502479,4.038325462,43.62488712,3.737539848,0.288386243,0
HD125612,7.876325066,0.334945059,36.68921763,3.602388586,47.87662821,3.243210014,0.377285436,0
HD125881,7.685708832,0.34027711,35.59570596,3.543641,48.97593284,3.482043821,0.376690435,0
HD12617,7.612010759,0.383343299,35.65765273,3.607487695,49.17426275,3.22544301,0.339799755,0
HD126525,8.006791087,0.33628997,39.10918719,3.27590197,45.90541271,3.024930576,0.341486501,0
HD126681,9.001421832,0.107475496,35.4710735,2.00413254,50.05637994,3.057109213,0.302407487,0
HD126793,,,,,,,,
HD126803,,,,,,,,
HD126829,7.756782619,0.330859921,35.41677698,3.533956048,48.61767015,3.932291081,0.411663196,0
HD127124,7.491966496,0.313021235,35.24834056,2.898616654,50.31804764,3.392933107,0.337074312,0
HD128113,,,,,,,,
HD128340,,,,,,,,
HD128431,8.112502538,0.338358993,38.89937283,3.191498955,45.86989072,3.25371284,0.334663123,0
HD128571,7.887286192,0.414068999,37.03715263,2.949101354,47.7774204,3.516205211,0.418765213,0
HD128674,,,,,,,,
HD129191,7.856745511,0.467751258,37.20316079,3.763846873,47.44221368,2.910827443,0.355454441,0
HD129229,,,,,,,,
HD129642,,,,,,,,
HD129829,8.039615273,0.744613588,37.45379527,3.225135304,46.35332992,3.766452144,0.417058503,0
HD130322,7.89883478,0.32384268,37.5749975,3.068676217,47.58653322,3.216144715,0.330970883,0
HD13060,8.167897795,0.303209805,38.84258425,3.314058905,45.69758218,3.316994398,0.357672664,0
HD130930,,,,,,,,
HD130989,7.301730616,0.339631448,33.69556722,3.377729591,51.18678794,3.689855792,0.408697396,0
HD130992,8.510847964,0.343198798,39.63789956,3.42107614,43.72156904,3.97692366,0.388484838,0
HD131183,8.222274817,0.295754735,40.69083317,3.610344874,43.96242987,2.850579805,0.367782733,0
HD131218,7.754448403,0.341446967,35.71808236,3.082763735,48.91851225,3.778546368,0.406199925,0
HD131565,8.322265489,0.313454548,39.33140413,2.929486885,45.21937518,3.500870712,0.383143065,0
HD131653,,,,,,,,
HD131664,7.814560524,0.413594948,36.8247749,3.509071424,48.05352011,3.010070881,0.374407214,0
HD1320,8.038319924,0.308756955,38.38677471,3.035524419,46.53360834,3.346711266,0.35030439,0
HD132411,8.425258563,0.385296048,39.29700299,3.029783089,44.45744873,3.997569762,0.407640826,0
HD13252,,,,,,,,
HD132569,8.163299868,0.282411043,38.3218574,2.981938331,46.45491361,3.403166302,0.392413447,0
HD132648,,,,,,,,
HD133633,,,,,,,,
HD134060,8.169795825,0.365561189,38.50569416,3.627246448,45.7204044,3.243109247,0.368188733,0
HD134088,,,,,,,,
HD134113,,,,,,,,
HD134606,7.789043652,0.419115668,37.83543854,3.310936711,47.69621082,2.60216837,0.347086243,0
HD134664,8.012222702,0.324230886,37.44719212,3.337884971,47.20677858,3.2950035,0.376687245,0
HD134702,7.755630384,0.293001613,36.17719469,3.239567208,48.75509345,3.410919803,0.36859285,0
HD134929B,7.995019507,0.370276304,38.82315232,3.19258819,46.52387733,2.776690135,0.318396211,0
HD134985,,,,,,,,
HD134987,,,,,,,,
HD135468,7.713235793,0.314564762,35.58565347,3.179267369,49.07497099,3.695826431,0.436481185,0
HD135625,7.705199126,0.399834203,36.17802193,3.685504321,48.53219387,3.146889107,0.352357441,0
HD13578,7.938761393,0.326757691,38.17602395,3.612790694,46.49174001,3.099040957,0.354885311,0
HD136352,,,,,,,,
HD136713,,,,,,,,
HD136894,8.219351961,0.256096811,39.53384419,3.069171477,45.45212082,3.129000754,0.340413981,0
HD137010,8.203188804,0.277257276,38.41031126,2.995711135,45.60714987,4.12937618,0.377005476,0
HD13724,7.926024488,0.377909125,37.23507679,3.581000331,47.37370595,3.121683547,0.384599766,0
HD137303,8.364127142,0.343758146,40.16223506,3.466330599,43.79282684,3.501502938,0.369219277,0
HD137388,,,,,,,,
HD137676,,,,,,,,
HD13789,7.700332351,0.303531571,35.79058073,2.977288037,49.13080175,3.794943957,0.302521601,0
HD13808,8.050772997,0.328541735,38.82892991,3.007513109,46.10420398,3.354223856,0.325814422,0
HD138549,7.914216527,0.353806243,37.96036383,3.128833647,47.30591777,2.99755381,0.339308173,0
HD138799,7.832534752,0.336725882,36.71481752,2.856889753,48.46480618,3.41411382,0.380112091,0
HD1388,8.03706588,0.325269822,38.08979601,3.514477391,46.38672943,3.275256132,0.371405337,0
HD138914,8.090156218,0.26511033,38.54708356,4.217388722,45.45447348,3.129162716,0.296624982,0
HD139189,,,,,,,,
HD139332,8.594145585,0.315807285,43.65027854,3.741442942,40.51092181,2.808171588,0.379232249,0
HD139536,7.566359883,0.40237682,34.05632877,3.374814736,49.74883738,4.321499341,0.529783076,0
HD139590,7.456016027,0.398557737,34.59840826,3.573618816,50.30848339,3.292249501,0.37266626,0
HD139710,7.723768392,0.310989209,36.08362785,3.008585113,49.07895433,3.449425873,0.344649234,0
HD139879,8.590103879,0.306025148,43.2834621,6.30048669,38.62843358,2.53956079,0.351927806,0
HD140785,7.996236555,0.331784664,37.88097798,3.543833343,46.55928356,3.33317261,0.354711287,0
HD140901,8.090121749,0.351340064,38.75185993,3.164788259,46.22507855,3.060054583,0.356756864,0
HD141128,7.532655953,0.426456836,34.15387268,3.797449982,49.43392125,4.215766774,0.439876524,0
HD141597,,,,,,,,
HD141598,,,,,,,,
HD141624,,,,,,,,
HD141937,7.89718405,0.330669152,36.72472535,3.475446949,47.81274333,3.391526214,0.36770496,0
HD142,6.803826085,0.379941911,32.30591734,2.980809246,54.68486998,2.397279652,0.447355784,0
HD142022A,,,,,,,,
HD142709,8.560104967,0.369686142,39.02995463,4.221338257,42.85318959,4.516839594,0.448886812,0
HD142879,7.777250591,0.332598083,37.10945854,2.941282404,48.09165512,3.395636859,0.352118403,0
HD143114,,,,,,,,
HD143295,7.658365797,0.288780708,35.90319121,2.607264907,49.62701552,3.60221536,0.313166494,0
HD143638,7.982473329,0.312548504,38.67962902,2.907598308,46.56583622,3.168975793,0.382938816,0
HD14374,7.859776816,0.314464117,36.99439857,2.966115636,48.05306319,3.448042363,0.364139306,0
HD143790,6.95654377,0.470665962,31.57022426,3.956669489,53.07167234,3.562167102,0.412057078,0
HD144342,8.087756452,0.352647513,38.09830906,3.097118395,46.61125611,3.391113473,0.361798995,0
HD144411,8.517595874,0.305465995,40.60016002,3.144704576,43.06384975,4.01757846,0.350645324,0
HD144497,8.433254691,0.32143062,39.59607348,3.031825691,44.48742078,3.776493514,0.353501225,0
HD14452,9.476819725,0.500802518,46.47628204,4.308077285,32.72024032,5.938380209,0.579397903,0
HD144585,8.318569976,0.372029414,40.09979512,3.955435079,44.02782786,2.828647143,0.397695409,0
HD144589,6.626659734,0.467888941,30.31849611,3.628772675,54.73848351,3.776976451,0.44272258,0
HD144628,,,,,,,,
HD144846,8.150208233,0.358708586,38.48634311,2.866544937,46.54700621,3.219165234,0.372023695,0
HD144880,,,,,,,,
HD145344,,,,,,,,
HD145377,7.774597158,0.316241899,35.77538238,3.553336945,48.54778169,3.639325546,0.393334388,0
HD145417,,,,,,,,
HD145598,,,,,,,,
HD145666,8.036236817,0.324673461,37.32601837,3.281434747,47.05402422,3.601208668,0.376403717,0
HD145809,,,,,,,,
HD145927,8.126940025,0.367607026,38.81045001,3.467374776,45.76503349,3.107315134,0.355279537,0
HD1461,7.961278652,0.427357574,38.05014184,3.518911846,46.76720186,2.929495949,0.345612276,0
HD146233,8.13001498,0.331535384,38.91300421,3.192617341,45.88596475,3.188095943,0.358767395,0
HD14635,7.597677206,0.341943662,35.11716382,3.560996449,49.10260578,3.9170224,0.362590684,0
HD14680,8.058559888,0.273452806,38.05811373,2.927516603,46.77700006,3.571773258,0.333583653,0
HD147147,8.929898234,0.28520977,44.53785264,2.326919619,40.39376926,3.105745722,0.420604754,0
HD147195,7.964182601,0.313068005,37.42859814,3.351626907,47.29210742,3.263173631,0.387243303,0
HD14744,7.714401166,0.276612867,36.09418615,2.77644683,49.3199196,3.450435197,0.367998188,0
HD14745,7.655160087,0.243927428,35.06109791,3.809584566,49.25049702,3.525836207,0.45389678,0
HD14747,,,,,,,,
HD147512,8.040743353,0.342722243,39.31037312,3.28518078,45.7185315,2.964447664,0.338001338,0
HD147513,7.248328827,0.29841466,32.31357655,3.592833873,51.63808591,4.333328878,0.575431301,0
HD147518,,,,,,,,
HD148156,7.21043959,0.426903643,33.64300159,2.741238629,52.29736917,3.283457184,0.397590198,0
HD148211,,,,,,,,
HD148303,7.399319258,0.301540721,34.11228751,3.333979696,50.87400749,3.592092114,0.386773205,0
HD148577,,,,,,,,
HD14868,8.087865626,0.341615664,37.6792848,3.476600256,46.5251473,3.511876801,0.377609559,0
HD148816,7.002582765,0.250345605,39.91212462,2.972740186,46.52538257,2.961702749,0.375121512,0
HD149200,7.022565321,0.217629051,31.64329823,4.439497867,52.58560206,3.62008165,0.471325826,0
HD149396,7.701757047,0.394199285,36.24772112,3.283468202,48.96275134,3.045911842,0.36419117,0
HD149724,7.894760853,0.503688049,38.43496783,3.546325779,46.80708852,2.478352881,0.334816081,0
HD149747,8.071350723,0.350623045,38.31822051,2.719301984,46.55758432,3.579661443,0.403257974,0
HD150139,,,,,,,,
HD150177,7.356805537,0.357984478,34.4690307,4.858264752,49.09239016,3.450370186,0.41515419,0
HD150433,,,,,,,,
HD150437,7.90287271,0.474163173,37.53986405,3.635338054,47.21476165,2.876930146,0.35607021,0
HD150474,8.181961887,0.278994225,40.0092204,3.127607141,45.26319382,2.789951865,0.349070662,0
HD151504,8.178413481,0.304641397,40.67745686,3.391609947,44.4568717,2.647222313,0.343784305,0
HD151692,8.507257725,0.445650277,39.40570086,3.941042909,43.26574262,4.045718653,0.388886961,0
HD151772,8.410486238,0.246048543,41.64718696,3.537022153,42.87170729,2.870927955,0.416620861,0
HD151933,,,,,,,,
HD152433,7.911817087,0.357129476,37.10142337,3.209539157,47.64043053,3.379303459,0.400356915,0
HD152533,7.458244648,0.332132477,34.10956801,3.655344606,50.28764819,3.761082335,0.395979742,0
HD153276,,,,,,,,
HD15337,8.058874264,0.37817451,38.65957969,3.106770947,46.43465619,2.990155332,0.371789073,0
HD153851,7.79158539,0.258551039,36.653138,2.723725076,48.83107308,3.408378237,0.33354917,0
HD153950,7.945933756,0.316153399,37.4509407,3.850479698,46.77866645,3.265121544,0.392704456,0
HD154088,,,,,,,,
HD154195A,7.978535459,0.33948621,37.87799761,3.172773867,46.98639427,3.28718112,0.35763146,0
HD154363,8.837883436,0.471113488,43.42005945,6.320370259,33.44071233,7.016605106,0.49325593,0
HD154387,8.550430561,0.407807455,38.54961422,4.159797057,43.31169125,4.523313181,0.497346277,0
HD154577,,,,,,,,
HD154962,7.950506778,0.489061921,38.45286688,3.499297218,46.50651865,2.731274475,0.370474078,0
HD155717,,,,,,,,
HD155968,8.413666466,0.409428214,39.78713271,2.956614821,44.59926985,3.460822009,0.373065929,0
HD156079,7.763565337,0.437512258,36.85998042,4.70551549,47.11293999,2.773267242,0.347219257,0
HD156098,6.772567464,0.327333668,31.08533501,4.164929544,54.09294893,3.154947767,0.401937615,0
HD15612,7.811299941,0.305951242,36.57775913,2.946247335,48.50675273,3.496662509,0.355327115,0
HD156411,7.959164171,0.316986903,37.72299735,3.211133048,47.01011346,3.404417504,0.37518756,0
HD156423,,,,,,,,
HD156517,6.911330462,0.338737578,32.39129062,3.016340461,53.82863397,3.183206949,0.330459951,0
HD156991,7.935487062,0.292663739,36.13547696,3.681170208,47.59034986,3.947938811,0.41691336,0
HD157172,7.822827683,0.342930191,37.82427364,3.168273785,47.68213609,2.793876587,0.365682017,0
HD157338,7.861857541,0.349988974,36.86542443,3.464745548,47.77540138,3.311737151,0.370844982,0
HD157347,8.048139446,0.317734008,38.07400623,3.553699357,46.47438836,3.170043329,0.361989273,0
HD157668,8.099700483,0.292032506,38.72541412,2.78002165,46.51373101,3.231712307,0.357387917,0
HD157830,8.052790992,0.301812188,38.75267164,2.967247382,46.22604679,3.347636311,0.351794701,0
HD1581,8.010885788,0.317575803,38.49570521,3.39988625,46.13147981,3.264742266,0.37972487,0
HD15906,8.031902426,0.350071293,37.99455602,3.264175352,47.13098107,2.865220142,0.363093693,0
HD159868,8.040654301,0.316962595,39.22589745,3.1377981,45.83085873,3.104627573,0.343201251,0
HD16008,8.165670299,0.340842827,38.46972077,3.091513456,46.10034126,3.487832785,0.344078601,0
HD160089,7.153832596,0.478960403,33.48609353,2.575826418,52.6562094,3.186405973,0.462671674,0
HD160691,7.983393654,0.425374633,38.22402906,3.559496497,46.65751118,2.791085138,0.35910983,0
HD160836,8.285134225,0.275696012,37.84385402,3.090633203,45.76995283,4.309550561,0.425179146,0
HD161098,8.117456176,0.315109113,39.35734901,3.006615867,45.6678898,3.187590029,0.347990004,0
HD161256,,,,,,,,
HD16141,8.308604651,0.297212923,39.3217253,3.464851868,45.10427132,3.13378492,0.369549023,0
HD161555,,,,,,,,
HD161566,6.631077969,0.363143593,30.17472087,3.48093063,54.98299182,3.909127928,0.458007195,0
HD161612,8.055917111,0.323743554,38.88355867,3.317554853,46.1690684,2.898695703,0.351461716,0
HD162020,7.839083446,0.319497769,36.47814167,2.793089248,48.48616242,3.736537346,0.347488099,0
HD162236,7.527018237,0.321827683,35.41508385,2.905630473,50.20805302,3.285677215,0.336709521,0
HD162396,,,,,,,,
HD16270,7.335286456,0.39194949,33.94649808,3.371685718,51.09519787,3.509389729,0.34999266,0
HD16280,8.205612603,0.304454586,39.00204643,3.327664259,44.94408067,3.877251893,0.338889562,0
HD16297,8.157218356,0.308401373,38.78655236,2.875631851,46.26646136,3.251754871,0.353979824,0
HD163102,8.658742123,0.184673124,40.45466155,3.281109161,42.71237082,4.240384064,0.468059158,0
HD163436,8.140734558,0.307840779,39.61786101,3.783930327,44.71735734,3.01527999,0.416995993,0
HD16382,7.653508457,0.341495908,35.80555248,3.443519022,49.15135393,3.223940373,0.380629833,0
HD16417,8.183958386,0.332751048,39.599008,3.465264694,45.10964533,2.958836232,0.350536309,0
HD165131,7.936034934,0.403245733,37.25071865,3.574265117,47.28460461,3.195738812,0.355392144,0
HD16536,8.337505614,0.327716163,39.45142881,3.236792385,44.94152889,3.338100118,0.366928024,0
HD16548,8.234375311,0.296627251,39.24423993,3.604358904,45.01539117,3.230074534,0.374932904,0
HD165920,7.746018775,0.364295441,36.98440293,3.034385252,48.93321133,2.549501275,0.388185003,0
HD166724,8.226816511,0.303127939,40.19674083,2.668350951,45.26639908,3.024318064,0.31424663,0
HD166745,,,,,,,,
HD16714,8.099000147,0.302414619,39.55192777,3.171171743,45.36832675,3.15213114,0.355027838,0
HD167300,,,,,,,,
HD167359,7.984752666,0.27920681,38.41411934,2.867761224,46.88954162,3.220531141,0.344087198,0
HD167677,,,,,,,,
HD16784,,,,,,,,
HD168159,7.131698469,0.291532173,32.30363277,3.238198532,52.09984973,4.57812858,0.356959745,0
HD168746,,,,,,,,
HD168769,7.942806179,0.276686786,37.20088683,2.908073643,47.87826448,3.42759827,0.365683814,0
HD168863,7.368947507,0.43734744,34.15005941,3.617791806,50.81320281,3.234655882,0.37799514,0
HD168870,,,,,,,,
HD168871,8.03082806,0.362185267,38.5918551,3.797937055,45.82270909,3.019480833,0.375004595,0
HD16905,7.641756343,0.480172448,35.7241671,3.656067619,48.92684576,3.231459622,0.339531107,0
HD169830,7.619213115,0.367845921,35.17473387,3.947143607,49.06998513,3.448795489,0.372282873,0
HD170493,,,,,,,,
HD17051,7.639490024,0.342779651,35.2030188,3.807430763,49.22265257,3.404211458,0.380416739,0
HD170958,8.534189749,0.16914981,41.19423012,2.830665148,43.59347572,3.290584232,0.387705221,0
HD171028,,,,,,,,
HD171587,,,,,,,,
HD171665,8.046358014,0.330491562,38.34645765,3.226839454,46.48473477,3.214858575,0.350259973,0
HD171825,7.496680037,0.30883975,34.69749065,2.899680677,50.45255605,3.77341602,0.37133681,0
HD171942,8.147762827,0.267743476,39.10963583,3.253388141,45.8003586,3.074117008,0.346994118,0
HD171990,7.907779748,0.380871203,37.78705212,3.584223803,46.87357942,3.11013782,0.356355893,0
HD172513,8.066051886,0.279795407,38.05445053,3.030104194,46.66492388,3.555020235,0.349653867,0
HD172568,,,,,,,,
HD172643,7.712578427,0.315605737,36.03377515,3.004428489,49.12412983,3.428833412,0.380648957,0
HD173885,7.853049331,0.385848773,36.98128506,3.365379968,47.70535196,3.314504552,0.394580354,0
HD174153,7.83753704,0.354620793,36.58719133,3.559435919,47.85355181,3.425829093,0.381834009,0
HD17439,8.159233642,0.361875607,39.18539102,3.214965314,45.67823251,3.051833292,0.348468621,0
HD174545,,,,,,,,
HD175179,,,,,,,,
HD17548,,,,,,,,
HD175607,,,,,,,,
HD176157,,,,,,,,
HD176354,,,,,,,,
HD176535,7.551244208,0.346433364,35.41478303,2.680628884,49.97694346,3.712113164,0.317853891,0
HD176666,,,,,,,,
HD176986,6.484876456,0.421898847,30.39297505,3.506108248,55.38068453,3.437239824,0.376217049,0
HD177033,8.751313113,0.337296178,40.60469903,3.424746283,42.47773996,3.953783799,0.450421635,0
HD177122,8.117201796,0.34879003,38.03022871,3.437011969,46.31418685,3.377268263,0.375312382,0
HD177409,8.077223476,0.312727149,37.99535101,3.294447324,46.48529239,3.452765493,0.382193156,0
HD177565,7.924072478,0.366872779,38.02597558,3.13424161,47.169956,3.037504895,0.34137666,0
HD177758,,,,,,,,
HD17865,,,,,,,,
HD178904,7.988142306,0.38896251,37.88546473,3.626809346,46.77973154,2.971045075,0.359844489,0
HD179346,7.939857418,0.337650432,36.98555887,2.985962111,47.93108849,3.399920853,0.419961828,0
HD17970,,,,,,,,
HD179949,6.961382895,0.355732752,31.96603184,4.071372462,52.87785552,3.3894197,0.378204829,0
HD18001,8.103946983,0.29741148,38.18762102,3.419595295,46.07949492,3.534754251,0.37717606,0
HD180409,8.059335774,0.34070393,38.63153972,3.154961945,46.18778378,3.253708484,0.371966368,0
HD18083,8.031397427,0.327680858,36.81424914,3.92706468,46.83829237,3.642944615,0.418370914,0
HD181249,7.855930702,0.279923792,37.11971964,3.159779627,47.77380072,3.475692199,0.335153316,0
HD181428,7.916996299,0.507499593,37.32506503,3.516030877,47.16129038,3.187404597,0.385713224,0
HD181433,6.954031426,0.502569447,30.74404154,3.302273697,55.63474022,2.565651,0.296692674,0
HD181720,,,,,,,,
HD183658,7.958464185,0.374318555,37.8273773,3.387336472,46.92360144,3.178651041,0.350251012,0
HD183783,8.125954326,0.187920531,38.41838517,2.46939869,47.21980751,3.265695802,0.312837973,0
HD18386,7.253528034,0.454132846,34.33584894,2.778432797,51.91978625,2.932138032,0.326133102,0
HD183870,7.694064326,0.280799746,35.55998639,2.930985657,49.37950047,3.770493597,0.384169817,0
HD185283,8.033709718,0.337758982,37.85923042,3.485169372,46.74733828,3.196012016,0.34078121,0
HD185615,,,,,,,,
HD186061,7.394735456,0.38165242,34.37422341,3.208374104,50.91174718,3.354822266,0.37444517,0
HD186302,7.836383189,0.318177176,36.91763726,3.30587178,48.06389966,3.189117493,0.368913442,0
HD18719,7.59647788,0.30111729,35.5877531,2.833692207,49.87531768,3.481265856,0.324375989,0
HD187456,,,,,,,,
HD187760,8.932313988,0.324107935,42.29164126,3.321288846,40.62932865,4.137053731,0.364265593,0
HD18777,6.439000778,1.27556574,30.28779948,3.658641265,54.80911978,3.123951934,0.405921032,0
HD188091,7.698251945,0.376224866,36.47643378,3.388944675,48.81996659,2.893669944,0.346508203,0
HD18822,7.974574268,0.295507718,37.33650852,2.661863679,47.72201899,3.660752138,0.348774686,0
HD18838,7.813072329,0.369164597,36.79467067,2.929793608,48.45850665,3.267544731,0.367247418,0
HD188559,,,,,,,,
HD188748,8.084941785,0.322831825,39.04282343,3.354233745,45.72211618,3.111557552,0.36149548,0
HD188815,,,,,,,,
HD189004,7.71252064,0.271968905,36.48246108,2.138632857,49.62142523,3.41602271,0.35696858,0
HD189242,7.764470734,0.267073713,36.2406534,3.014727943,48.61621291,3.729345679,0.367515624,0
HD189567,,,,,,,,
HD189625,7.991486379,0.357378173,37.81750731,3.48132851,46.80346492,3.19248982,0.356344888,0
HD189987,,,,,,,,
HD190204,8.036447492,0.28121756,37.20551422,3.038501244,47.01023449,4.064844468,0.363240523,0
HD190248,7.243059833,0.415235874,34.34470121,3.139871317,51.93317188,2.584022936,0.339936948,0
HD19034,,,,,,,,
HD190524,8.083458167,0.303691899,37.67021357,3.524115953,46.51394643,3.502956173,0.401617809,0
HD190613,7.933284962,0.290225564,37.26494963,3.422572415,47.41171276,3.29410289,0.383151781,0
HD190647,7.97233743,0.283042317,38.4960567,3.719361167,46.34483619,2.798033223,0.386332979,0
HD190954,,,,,,,,
HD190984,,,,,,,,
HD191033,8.278062393,0.358172959,39.14332108,2.746058454,45.41954472,3.656741765,0.398098624,0
HD191285,8.635598398,0.290485494,41.37036239,3.204360961,41.9058285,4.218188143,0.375176122,0
HD191797,7.659690424,0.270979389,35.68626817,2.633620791,49.78359341,3.613580687,0.352267126,0
HD191847,8.100347808,0.306708984,39.38142009,2.775514368,46.22495308,2.88886997,0.322185694,0
HD191902,8.193856836,0.275971486,37.62089185,4.513164818,45.08314378,3.989015357,0.323955865,0
HD192031,,,,,,,,
HD192117,8.223308803,0.362620824,38.6382649,3.14101292,45.87781458,3.391987455,0.364990509,0
HD19230,8.260428853,0.376644427,40.87863831,3.087084576,43.96241352,3.089819021,0.344971296,0
HD192310,,,,,,,,
HD192865,7.606606387,0.379354295,35.20544841,3.255832002,49.68153281,3.451806974,0.419419118,0
HD192961,5.7059046,1.001921371,24.68303251,5.241440044,57.14570848,5.752215353,0.469777641,0
HD193193,7.931768497,0.362617799,37.58495141,3.581509441,46.94605457,3.224412637,0.368685648,0
HD193406,8.28025108,0.354208465,38.0035189,3.563493072,45.12413791,4.229221519,0.445169047,0
HD193844,8.27216343,0.278886209,39.53592589,3.097733276,44.83085484,3.609346158,0.375090193,0
HD19423,8.255947798,0.276260311,39.89177596,3.458879866,44.61372411,3.135595214,0.367816749,0
HD19467,,,,,,,,
HD194717,8.471579272,0.281344943,42.24778928,2.387020207,43.29015038,3.007742204,0.314373715,0
HD195145,7.963986544,0.377624972,37.98617649,3.339471096,47.0122122,2.972091689,0.348437009,0
HD195200,7.719559978,0.392231154,35.65389332,3.955114565,48.49445322,3.408345265,0.376402499,0
HD195302,7.895531426,0.336863718,37.75888077,2.818845155,47.92964572,2.920490072,0.339743145,0
HD195564,8.207296501,0.294471839,39.59210971,3.293523384,45.10178707,3.15533348,0.355478019,0
HD195633,,,,,,,,
HD196050,7.893606199,0.42860213,37.98561837,3.887508108,46.58051726,2.871149603,0.352998339,0
HD196384,8.631436685,0.251088002,38.67148389,3.975968583,43.4486156,4.527176832,0.494230413,0
HD196397,7.725852532,0.421315675,36.65831451,3.14213326,48.83796945,2.881436906,0.332977668,0
HD19641,8.035584971,0.347011211,38.18637038,3.483056247,46.39738316,3.201437313,0.349156716,0
HD196761,,,,,,,,
HD196800,8.066735144,0.421706091,37.80722037,3.896070938,46.36175363,3.090376341,0.356137491,0
HD196892,,,,,,,,
HD197083,,,,,,,,
HD197197,,,,,,,,
HD197210,8.199722138,0.317576983,38.94160919,2.974856362,45.91969556,3.302558472,0.343981286,0
HD197300,6.993201768,0.301820856,32.15985797,3.008612317,53.19848056,3.915171077,0.42285545,0
HD197536,,,,,,,,
HD197823,7.720176149,0.412992259,36.77111393,2.914465331,48.87557645,2.950824687,0.354851194,0
HD1979,8.189265654,0.27865829,38.42703214,3.331876924,45.83760837,3.548734145,0.386824469,0
HD197921,8.208615692,0.293391757,39.53782573,3.71590746,44.93635988,2.940691082,0.367208406,0
HD198075,8.405253777,0.319482708,39.99560151,3.296585471,44.21782117,3.384144154,0.381111213,0
HD199086,6.621695845,0.375810283,31.01226844,3.585796521,54.96910181,3.040676069,0.394651034,0
HD199190,8.038851186,0.40000052,38.78157399,3.472782133,46.04797512,2.917843893,0.340973152,0
HD199288,,,,,,,,
HD199289,,,,,,,,
HD199604,,,,,,,,
HD199847,,,,,,,,
HD199868,7.96490425,0.353548947,37.49854554,3.304201547,47.05432299,3.462988463,0.361488271,0
HD199933,7.962807642,0.238447985,36.80938257,2.660790246,47.92296044,4.086910756,0.318700359,0
HD19994,7.058883227,0.500020874,26.27562228,3.293101502,58.76762182,3.639063481,0.465686815,0
HD199960,7.788706843,0.461034672,36.92312605,3.692755639,47.85017925,2.922369216,0.36182833,0
HD20003,8.037356704,0.345893466,38.23906226,3.225219973,46.5685097,3.250452734,0.333505163,0
HD200083,8.026316462,0.399003102,37.97879203,3.354233208,46.35816676,3.49927254,0.3842159,0
HD200143,8.003852593,0.321452787,37.1263343,3.248883797,47.23535428,3.724934947,0.339187292,0
HD200349,6.557353093,0.347462266,26.08990653,4.565881442,57.41926503,4.580460526,0.439671119,0
HD200505,8.166793675,0.27173042,38.69930225,2.671500389,46.16238523,3.674005111,0.354282928,0
HD200538,7.867993757,0.355989611,36.89794666,3.622882975,47.70757095,3.187416527,0.360199521,0
HD200633,7.926819616,0.364245394,37.06456807,3.854881663,47.26547748,3.143370442,0.380637339,0
HD201161,8.068507847,0.316438361,36.80052395,4.414749939,46.07221669,3.938135217,0.389427995,0
HD2014,7.836079496,0.338702984,36.93039035,3.779514409,47.53013025,3.242056056,0.343126459,0
HD201422,8.256892677,0.334448088,38.18507017,3.523268168,45.75922909,3.542666043,0.398425768,0
HD201496,7.956465453,0.377587286,37.63416094,2.758254561,47.66146023,3.228634323,0.383437211,0
HD202206,7.645142119,0.384761473,35.87207133,3.379158489,49.3561824,3.000496166,0.362188025,0
HD202209,8.461168182,0.303366205,40.69415862,3.331073233,43.76401717,3.07587509,0.3703415,0
HD202389,8.220819932,0.364402231,37.2516833,3.829993258,45.57545451,4.291237228,0.466409535,0
HD2025,8.07758642,0.302194722,38.2694085,3.02624341,46.28463634,3.649962236,0.38996837,0
HD202605,7.897874857,0.452579743,36.91985503,3.283311548,47.73589759,3.355031551,0.355449684,0
HD202819,8.513109397,0.39209506,37.32125555,4.677441375,43.20573047,5.350481505,0.539886641,0
HD202871,7.983729775,0.296746569,37.23493337,3.184217232,47.37352347,3.551298702,0.375550882,0
HD203335,,,,,,,,
HD203384,7.7791703,0.438492083,37.54279759,3.308100836,47.98568935,2.605933049,0.339816794,0
HD203413,7.515749067,0.29638081,35.02796896,3.086505558,50.23426617,3.506320235,0.332809191,0
HD203432,7.675811695,0.420644041,36.85357443,3.144356095,48.87251882,2.678651645,0.354443273,0
HD203771,7.871429907,0.452404123,37.85222642,3.573909382,47.38888992,2.514942446,0.346197804,0
HD203850,,,,,,,,
HD203897,8.088772232,0.29146887,38.73977131,2.77465608,46.53097565,3.210655244,0.363700614,0
HD20407,,,,,,,,
HD204287,8.233486995,0.275381549,40.31806813,3.400570801,44.36952922,3.05447332,0.34848998,0
HD204313,8.000687519,0.431646462,38.34361545,3.441479346,46.58843979,2.85186972,0.342261714,0
HD204385,7.903725493,0.382831215,36.94640754,3.755124354,47.33226885,3.311378602,0.368263943,0
HD20492,8.212516085,0.307054579,40.43714208,2.599157286,44.8090318,3.328258697,0.306839478,0
HD204941,7.9134008,0.299493748,38.36654006,3.013038929,47.26479102,2.807949269,0.334786177,0
HD205294,7.331067606,0.34230865,34.3544301,3.191794013,50.76540494,3.625929619,0.389065071,0
HD205536,8.031466866,0.315605799,38.52209067,3.088602056,46.59024082,3.105606813,0.346386976,0
HD205591,7.357678963,0.324991958,33.99675685,3.072483761,51.40703966,3.379668552,0.461380256,0
HD206116,6.52342379,0.558753057,30.1845557,3.579619745,54.87441381,3.82139041,0.457843485,0
HD206163,7.925728099,0.290555903,37.30736521,2.684396635,47.90487207,3.574630859,0.312451219,0
HD206172,7.946092212,0.304580426,37.52034864,3.11400261,47.29900134,3.457032693,0.358942075,0
HD20619,8.229345399,0.312007609,39.33055372,3.241769769,45.21839748,3.304963614,0.36296241,0
HD206630,8.114419944,0.299236826,38.42199538,3.22575978,45.83160029,3.741248339,0.365739443,0
HD206998,,,,,,,,
HD2071,7.995466975,0.31872603,37.92996206,3.213915954,46.94264046,3.246527081,0.352761437,0
HD207129,8.120270076,0.311742952,38.31435501,3.383869657,46.1260882,3.363551957,0.380122146,0
HD207190,,,,,,,,
HD207583,7.94970846,0.313797615,37.08638597,2.980345554,47.73089962,3.586337318,0.352525459,0
HD207699,8.222318296,0.43107974,39.27556913,3.590662565,44.84433551,3.285179533,0.350855231,0
HD207700,,,,,,,,
HD20781,8.128375451,0.274086338,39.3960122,2.961449766,45.7127522,3.190721398,0.336602644,0
HD20782,8.198826065,0.288881452,39.10970438,3.32917512,45.48515084,3.21900132,0.369260826,0
HD207832,7.811845569,0.342305635,36.7264477,3.221298951,48.36865714,3.150761613,0.378683389,0
HD207869,,,,,,,,
HD20794,,,,,,,,
HD207970,,,,,,,,
HD208,8.136755111,0.363322866,39.61481268,3.442783508,44.92030672,3.171715527,0.35030359,0
HD208068,7.856898242,0.338364749,37.49298235,3.507535656,47.15579745,3.261268899,0.387152653,0
HD20807,,,,,,,,
HD208272,7.985234421,0.289686797,37.88729303,2.701131229,47.21485747,3.580388871,0.341408188,0
HD208487,7.988106771,0.331550432,37.50718528,3.541331489,46.95691752,3.307890276,0.367018235,0
HD208573,8.090575459,0.34860042,39.07444163,3.191132873,45.9703581,3.015292187,0.309599327,0
HD208672,8.025671762,0.316920882,37.11211727,3.408535636,47.21726614,3.515218729,0.404269586,0
HD20868,8.579612925,0.329145814,43.94942643,4.036503363,40.04407975,2.782209526,0.279022192,0
HD208704,8.042055031,0.313889981,37.96140945,3.478519449,46.4437667,3.402349709,0.358009684,0
HD209100,,,,,,,,
HD209449,,,,,,,,
HD209458,,,,,,,,
HD209566,8.013979135,0.385085775,38.73667602,3.274722159,46.42024813,2.822012759,0.34727602,0
HD209742,7.956219652,0.299684439,37.7771393,2.926046171,47.29488499,3.401462513,0.344562937,0
HD21019,,,,,,,,
HD210272,,,,,,,,
HD210277,,,,,,,,
HD210320,,,,,,,,
HD210329,8.049652456,0.306368195,37.65377752,3.018982943,47.03202288,3.533826098,0.405369901,0
HD210507,7.589327262,0.288943069,35.51216553,2.860416427,50.11436855,3.264478239,0.370300919,0
HD210573,7.919743058,0.338648314,37.61090576,3.684392583,47.0867698,2.976805188,0.382735299,0
HD210752,,,,,,,,
HD210918,8.227631188,0.278791157,40.07226313,3.705919467,44.09902389,3.238027197,0.37834397,0
HD210975,,,,,,,,
HD211038,,,,,,,,
HD211188,8.047493496,0.351207371,37.76839219,3.014259265,46.85043239,3.627146682,0.341068601,0
HD211317,7.339766334,0.437024685,34.75928576,6.872629802,47.38664375,2.860931539,0.343718124,0
HD21132,,,,,,,,
HD211369,8.101087006,0.358319615,37.82992306,2.728271368,46.92675937,3.683596736,0.372042849,0
HD211415,8.086793127,0.346901855,38.88405041,3.264552104,45.74636635,3.312898414,0.358437744,0
HD211534,8.02532444,0.323434027,37.70080145,2.808036119,47.19931424,3.530101595,0.412988125,0
HD211583,8.084376425,0.5064389,36.82069077,4.247604174,45.78013173,4.154593653,0.406164354,0
HD21161,7.432062106,0.383524372,35.10409998,3.68476631,49.99688523,3.060514663,0.338147339,0
HD212036,7.912315675,0.341051316,37.10091367,3.527253817,47.5302076,3.21974314,0.368514784,0
HD21209A,8.473312268,0.312917586,41.78254087,3.288871868,41.93531919,3.85861518,0.348423041,0
HD212231,,,,,,,,
HD212301,7.240620246,0.333640112,33.48444722,3.168803001,51.81174743,3.583271829,0.377470162,0
HD21251,7.353055571,0.261095043,33.83479132,8.268288262,46.55310024,3.418220889,0.311448673,0
HD212563,8.71781665,0.240372669,42.99816883,2.920801665,41.88273817,2.923388823,0.316713197,0
HD212580,8.114986995,0.280162124,38.5455544,2.760745696,46.40442575,3.576110405,0.318014634,0
HD212708,7.848791271,0.412575996,37.85025691,3.420746875,47.49566118,2.633331009,0.338636754,0
HD212918,8.211876535,0.227436368,38.76366105,3.38436266,45.81523239,3.19787445,0.399556545,0
HD213042,8.156207896,0.589009476,40.1501486,4.52625757,43.27850628,2.986233605,0.313636577,0
HD213240,7.984556106,0.37201496,37.8551769,3.85635838,46.5275716,3.030832262,0.373489795,0
HD213575,,,,,,,,
HD213628,7.946059384,0.37637684,37.86062396,3.200662446,47.29038756,2.975941492,0.349948323,0
HD213852,8.163195266,0.427553932,38.41986019,3.594246737,46.04059063,2.992212286,0.362340964,0
HD213941,,,,,,,,
HD214094,7.940559561,0.347354755,36.84156953,3.667669813,47.30676275,3.505699973,0.390383617,0
HD21411,8.076438168,0.28737301,38.81600645,2.82528952,46.40833181,3.239272416,0.347288628,0
HD214383,8.482734695,0.227046243,40.70794642,2.171357341,44.6955515,3.342841735,0.372522066,0
HD214385,,,,,,,,
HD214759,8.199682447,0.32377516,40.43974434,3.103562591,45.01875782,2.601626951,0.312850686,0
HD214867,7.785308824,0.207848153,35.26233313,3.796322957,48.40566047,4.109109037,0.433417429,0
HD214954,7.55989875,0.393696802,35.70481297,2.459115174,50.38623043,3.070176789,0.426069084,0
HD214998,,,,,,,,
HD215152,8.009987359,0.441187689,38.56454932,3.084894864,45.89584461,3.686590352,0.316945807,0
HD215257,,,,,,,,
HD215456,8.081464095,0.312187528,39.08232796,3.258611095,45.66311461,3.246512253,0.355782458,0
HD215497,,,,,,,,
HD215625,7.668429305,0.342041298,35.6158588,3.636599947,48.89095573,3.4760022,0.370112712,0
HD215722,7.922688246,0.66594049,36.30783025,3.396662554,47.26997824,4.068524336,0.368375884,0
HD215902,7.839076117,0.279789493,36.76175843,2.590886475,48.52676977,3.629383819,0.372335895,0
HD215906,7.365687437,0.304695812,34.15319679,2.561435756,51.28808301,3.925255965,0.401645231,0
HD216008,8.006969436,0.354295067,38.10043905,3.515459405,46.50665313,3.172244125,0.343939792,0
HD216215,8.08102758,0.297779666,37.97168887,3.447561489,46.34949641,3.498618073,0.35382791,0
HD216435,7.240312339,0.420635326,33.5328617,3.931178146,51.41096124,3.082529485,0.381521768,0
HD216770,,,,,,,,
HD216777,,,,,,,,
HD21693,7.976261803,0.353274981,38.43065241,3.14579099,46.80183308,2.951986578,0.340200164,0
HD217221,8.025970358,0.317343095,38.5561737,2.986386648,46.63146227,3.144347596,0.338316334,0
HD217395,8.012644716,0.337428727,37.47545624,3.348104742,46.9171945,3.541469863,0.367701211,0
HD21749,8.389492415,0.444187592,38.20597592,4.625763285,43.72364946,4.203082544,0.407848787,0
HD21759,,,,,,,,
HD217786,8.131107243,0.338414232,39.53789048,5.024184752,43.51095346,3.122123769,0.335326071,0
HD217958,7.001265335,0.493716614,32.06583968,4.478109656,52.43577884,3.107987321,0.417302553,0
HD218249,8.376740622,0.290746847,40.83945033,3.259357477,43.31766062,3.544186032,0.371858076,0
HD218340,8.121106185,0.32333518,37.86324528,3.398364371,46.32366806,3.619548968,0.350731957,0
HD218379,7.884005342,0.415408216,37.58719843,3.581723561,47.16556734,3.023267519,0.342829589,0
HD218504,,,,,,,,
HD218511,7.273252673,0.303357336,32.77323994,3.958872223,51.06278334,4.216537811,0.411956683,0
HD218572,,,,,,,,
HD218750,,,,,,,,
HD218885,7.998440034,0.300362488,38.4778297,2.807130969,46.75151343,3.301012657,0.363710724,0
HD219077,,,,,,,,
HD219249,,,,,,,,
HD21938,,,,,,,,
HD219495,6.763287745,0.495345845,29.88638588,5.364453768,52.60881335,4.394505589,0.487207829,0
HD21977,7.712736335,0.385467718,35.85526094,3.807193889,48.65617823,3.228416134,0.35474676,0
HD220256,,,,,,,,
HD220339,7.814846472,0.303101426,37.25227972,3.091754222,47.72412356,3.432333483,0.381561115,0
HD220367,,,,,,,,
HD220456,8.053678342,0.303487047,37.81856403,3.226689248,46.80477274,3.436700264,0.356108327,0
HD22049,8.432781466,0.276294814,40.35874082,2.728913156,44.21022389,3.642287553,0.3507583,0
HD220507,,,,,,,,
HD220894,6.850369587,0.380604962,31.11998085,4.000289555,53.2873873,3.912694526,0.448673222,0
HD221146,7.925401255,0.375813897,38.15379222,3.416566022,46.67913681,3.111532429,0.337757369,0
HD221287,7.625466803,0.313372968,34.64387048,3.816616411,49.22792297,3.954240025,0.418510341,0
HD221343,8.068996147,0.489806512,37.5482266,4.203795077,46.04415809,3.296294849,0.348722732,0
HD221356,8.278474257,0.268819055,39.90478043,3.236510593,44.3210491,3.58477207,0.405594493,0
HD221420,,,,,,,,
HD221580,7.354583563,0.123080695,38.34906822,1.97154604,48.2325166,3.649147666,0.320057217,0
HD221638,7.420617036,0.139847715,35.17387765,2.637985206,51.02762494,3.240834625,0.359212829,0
HD22177,8.067923105,0.342507493,39.10523971,3.437851076,45.90077925,2.784015021,0.36168434,0
HD221974,7.07259249,0.462986655,32.81960491,3.751331602,52.44673473,3.030888573,0.415861035,0
HD222237,,,,,,,,
HD222335,8.192800637,0.299557906,39.54081903,2.951873675,45.4601398,3.202449444,0.352359505,0
HD222422,8.382805595,0.281954624,39.42249405,3.219557631,44.49684333,3.794728576,0.401616197,0
HD22249,8.230858242,0.261036469,38.48274669,3.298512765,45.90406737,3.4332283,0.389550164,0
HD222582,8.04496328,0.337378852,39.23581976,3.394179749,45.63182487,3.006902543,0.34893095,0
HD222595,8.009363902,0.354942752,37.99471466,3.160641909,46.91462976,3.222254278,0.343452738,0
HD222669,8.191546204,0.333393526,38.68316834,3.270198725,45.8254928,3.341632294,0.35456811,0
HD222721,,,,,,,,
HD22282,8.205218286,0.298411327,39.38947376,4.564910695,44.35731857,2.843261474,0.341405889,0
HD223121,8.04374511,0.421525349,38.05297111,3.322314017,46.77067928,2.997955575,0.39080955,0
HD223171,8.145009227,0.366332742,39.12376235,3.479306749,45.60639227,2.923325897,0.355870769,0
HD223272,8.35336066,0.364030944,40.2441887,5.137540799,42.49015181,3.01397606,0.396751026,0
HD223282,,,,,,,,
HD223315,7.588284694,0.391575698,35.34928276,4.003434371,49.31348694,2.997900591,0.356034946,0
HD223854,6.771851665,0.339957838,29.51140821,3.380975631,55.28089169,4.250368213,0.464546749,0
HD224047,7.82913569,0.32639799,36.58578271,2.974160887,48.29447584,3.645431754,0.344615131,0
HD224063,,,,,,,,
HD224230,8.457050385,0.457644369,39.91103576,3.199964097,43.92159519,3.626850216,0.425859983,0
HD224287,7.790603652,0.301206409,36.67997941,2.947685807,48.41881869,3.506434291,0.355271748,0
HD224347,,,,,,,,
HD224393,8.253692697,0.299295677,40.05579162,3.074096002,44.48877271,3.452247636,0.376103658,0
HD224432,8.280817477,0.214945017,40.35452656,2.437498538,45.33956643,3.09976577,0.272880212,0
HD224433,8.342825926,0.390469389,39.82464089,3.156486784,44.84736946,3.066115353,0.372092198,0
HD224578,8.134714885,0.354526167,37.42942626,3.320972484,46.64426738,3.686801807,0.429291015,0
HD224619,,,,,,,,
HD224685,,,,,,,,
HD224789,7.586477536,0.317077183,35.86987519,2.759192322,49.69526053,3.452760759,0.319356478,0
HD224817,,,,,,,,
HD225297,,,,,,,,
HD22610,7.889127065,0.294854184,37.25393651,3.734429606,47.28868924,3.196014873,0.34294852,0
HD22879,,,,,,,,
HD22897,8.649320916,0.396163833,40.31249703,2.732069902,43.1543725,4.353878663,0.40169716,0
HD22918,,,,,,,,
HD23030,7.727195591,0.427532566,36.85819616,3.188498259,48.54216959,2.8705869,0.385820929,0
HD23079,7.983697604,0.313153371,37.43880398,3.391361406,46.97935744,3.505569551,0.388056652,0
HD23249,8.160792155,0.445917613,39.88590973,3.154072045,45.22771097,2.724307485,0.401289998,0
HD23356,7.869195237,0.308452521,37.82275848,3.011655601,47.68022606,2.959305635,0.348406464,0
HD23456,,,,,,,,
HD23472,8.192880729,0.328467704,39.26969701,3.656871143,44.83763079,3.368946949,0.345505678,0
HD23901,,,,,,,,
HD24062,7.010715651,0.353252585,32.63249073,2.1712125,53.60870663,3.733248034,0.490373867,0
HD24085,7.887801365,0.374949554,37.11399604,3.21802804,47.76643433,3.235745371,0.403045306,0
HD24112,7.540469761,0.421646143,35.11664414,3.995444606,49.44223709,3.125716809,0.357841446,0
HD24331,8.209768006,0.279119768,40.1194962,2.913450058,45.17941227,2.963412391,0.335341314,0
HD24558,,,,,,,,
HD24633,,,,,,,,
HD24892,,,,,,,,
HD25061,7.502032851,0.327970609,35.92525016,2.913747461,50.23251322,2.785071972,0.313413722,0
HD25105,8.186944834,0.303902143,38.75240304,2.833679612,45.80192641,3.782119615,0.339024349,0
HD25120,8.346860205,0.323254367,39.5466113,2.65559219,45.15380796,3.626986149,0.34688783,0
HD25171,8.031088969,0.347152392,38.11404458,2.871687282,46.84574431,3.416029866,0.374252597,0
HD25357,7.566558481,0.354579585,35.01697312,2.987656819,50.10299749,3.545808073,0.425426428,0
HD25565,8.255689637,0.329768357,39.88171772,3.103315728,45.11894763,2.966268618,0.344292305,0
HD25587,6.974730235,0.384416262,31.43161,4.16311813,52.71712693,3.844175875,0.484822568,0
HD2567,7.971201624,0.394200202,37.1776314,4.449731688,46.54433432,3.081189001,0.381711762,0
HD25673,,,,,,,,
HD25704,,,,,,,,
HD25912,8.518573179,0.313681527,39.7240774,3.59009488,44.01887363,3.431550867,0.403148523,0
HD2638,7.532525254,0.369751827,35.84884797,3.065683462,50.01039791,2.837342906,0.335450671,0
HD26430,,,,,,,,
HD26729,7.88725221,0.382877175,37.81153883,3.521084597,47.3379513,2.704338021,0.35495786,0
HD26887,7.946420307,0.385203862,38.21690455,2.973771636,46.75635139,3.354996946,0.366351308,0
HD26965A,,,,,,,,
HD27063,8.116195569,0.323648884,38.2506649,3.203989586,46.3686119,3.373460353,0.363428804,0
HD27471,7.709037784,0.348073367,36.49519341,3.709264274,48.39726009,2.962595039,0.378576043,0
HD2768,8.118553278,0.341665121,38.12110852,3.328262933,46.42486262,3.30827911,0.357268414,0
HD27894,,,,,,,,
HD28185,7.617367472,0.44007044,36.65110499,3.468479881,48.82836461,2.639512325,0.355100291,0
HD28254,7.978012134,0.458976013,38.31376793,3.770569685,46.55217433,2.545607759,0.380892145,0
HD283,,,,,,,,
HD28471,8.05910833,0.31943509,38.72108311,3.483369976,45.97615022,3.093029903,0.347823364,0
HD28701,,,,,,,,
HD28807,7.642997217,0.359036649,35.3755872,2.545398388,49.92163074,3.657128995,0.498220811,0
HD28821,8.167061551,0.265268724,39.83372528,3.583463878,44.65149765,3.131032284,0.367950631,0
HD28969,8.653320902,0.349589688,40.74961304,2.173579834,44.12742599,3.520141414,0.426329129,0
HD290038,7.441574472,0.350423993,34.76631885,3.163813072,50.78597739,3.101668151,0.390224064,0
HD290327,,,,,,,,
HD29137,7.923541185,0.40706733,38.12686739,3.477628858,46.96953168,2.739477548,0.355886005,0
HD291763,,,,,,,,
HD29263,8.034400612,0.350280161,38.72401822,3.483634018,46.19186761,2.840645487,0.37515389,0
HD29303,7.814054785,0.362131399,35.76276245,3.415727098,48.30767817,3.943371377,0.394274724,0
HD29428,7.954385934,0.316954713,36.69121469,8.661920568,42.67241243,3.326585663,0.376526,0
HD297396,7.725114776,0.47810778,35.00182474,4.722182779,47.71729233,3.967594757,0.387882833,0
HD29980,7.918536857,0.330047056,36.57132865,3.484920263,47.72279209,3.585728146,0.386646936,0
HD29985,7.956587154,1.040541948,34.50042685,4.697605857,44.91687923,6.430742055,0.457216912,0
HD30053,8.246643613,0.356606515,38.97213054,2.284579396,46.16780796,3.574298099,0.397933875,0
HD30177,8.214869777,0.405489082,40.41513558,3.408757818,44.78464605,2.443321753,0.327779947,0
HD30278,8.080395627,0.261615684,39.10467233,3.200963767,45.90011327,3.09503292,0.357206402,0
HD30306,8.080256349,0.304342358,39.71250444,3.198743258,45.76277825,2.590382504,0.35099284,0
HD30523,7.90590938,0.310304992,36.58926098,3.383808248,47.96657883,3.465694356,0.37844322,0
HD30669,8.247441022,0.304794729,38.95581794,3.729275212,45.3061787,3.069085229,0.387407172,0
HD30858,8.033453942,0.310666577,37.74499807,3.061339637,47.03753058,3.453790807,0.358220389,0
HD309701,8.375262739,0.315142636,39.3615361,2.986236131,44.32585737,4.251171838,0.384793189,0
HD31103,7.789660455,0.349311273,36.03939372,3.75689955,48.23503328,3.461099605,0.368602124,0
HD31527,8.014299963,0.333694675,38.54021665,3.31868673,46.18482027,3.246016875,0.36226483,0
HD31532,8.151213472,0.313069672,39.19276234,3.743328848,44.95634342,3.255685877,0.387596374,0
HD31560,7.381998773,0.369809758,33.61578382,3.652543101,50.48104636,4.15891327,0.339904921,0
HD31822,7.978982759,0.291202378,37.39037251,3.175498406,47.24380823,3.533429361,0.386706355,0
HD3220,8.124399556,0.302473152,38.7482156,3.085345577,46.00836645,3.35496759,0.376232071,0
HD3229,8.417610367,0.307359535,40.85183465,3.328615815,43.33079643,3.417025241,0.346757966,0
HD323631,8.169275978,0.296480623,38.50890683,2.874837475,46.25368052,3.539955575,0.356863,0
HD324492,,,,,,,,
HD326267,8.959661973,0.290016654,46.88002259,4.797775469,34.9601203,3.727558209,0.384844806,0
HD32724,,,,,,,,
HD32804,8.37336875,0.296236301,39.28286474,3.106384845,44.95606162,3.611102144,0.373981606,0
HD329788,,,,,,,,
HD330075,,,,,,,,
HD33081,,,,,,,,
HD33473A,8.070810504,0.305457056,38.50481465,3.361763399,46.03627159,3.34157843,0.379304369,0
HD33725,7.973226522,0.315287715,38.39475712,3.008320005,46.86590747,3.109628773,0.332872398,0
HD33811,8.070220422,0.420063884,37.92103824,3.655378277,46.60852139,2.926286481,0.398491304,0
HD33822,8.298509414,0.433974843,41.59387954,3.214263946,43.61285684,2.52619023,0.320325183,0
HD34327,7.773822907,0.344101073,37.00419,3.445902692,47.95523333,3.102326651,0.374423348,0
HD34449,8.121572447,0.309689129,38.3257653,3.269963785,46.35279665,3.250330007,0.369882686,0
HD34688,7.871405269,0.29428314,37.9603543,3.036563479,47.52426002,2.970071325,0.343062466,0
HD3569,7.702197731,0.306068982,36.6761883,2.981510211,48.86178181,3.096141607,0.376111356,0
HD35854,8.119219522,0.305578764,38.3431727,2.990474839,46.58790184,3.289460435,0.3641919,0
HD36003,8.134232684,0.329137095,39.07884387,4.808324995,43.90629722,3.306574624,0.436589509,0
HD36051,7.973156815,0.308363048,37.20721853,2.487020197,47.99680308,3.631314189,0.396124142,0
HD361,8.027666087,0.303952137,37.78940693,3.194641899,46.87650047,3.41827263,0.389559845,0
HD36108,8.063142838,0.290834019,38.74450176,3.509636901,45.68726775,3.331552811,0.373063918,0
HD36179,8.201722265,0.309094087,38.51727661,2.568666251,46.37038254,3.648313869,0.384544379,0
HD36379,7.861950879,0.337931594,37.70454218,3.307088209,47.20399742,3.227232789,0.357256923,0
HD37226,7.860765215,0.337712987,37.07768726,3.516938259,47.28220735,3.528168015,0.396520913,0
HD37548,7.888302217,0.419589991,37.61750569,3.805766181,46.87865054,3.046678425,0.343506953,0
HD37962,8.01137922,0.297087194,37.79625818,3.100993915,46.99308029,3.442590996,0.3586102,0
HD37986,8.109521651,0.430190657,39.55722788,3.085161878,45.7942505,2.701857692,0.321789733,0
HD37990,7.421408648,0.402271875,34.1259339,3.436660668,50.54400498,3.694206489,0.375513432,0
HD38078,8.15931905,0.318778264,39.72405521,3.048636774,45.04417974,3.345724668,0.359306298,0
HD3808,8.118369281,0.295926012,38.61428673,3.481770363,45.74389312,3.38988245,0.35587205,0
HD3823,,,,,,,,
HD38265,8.190898634,0.285567917,40.20446514,3.344463002,44.55119885,3.081136299,0.342270163,0
HD38277,8.189724824,0.284948822,39.65808517,3.329537023,45.07303967,3.117226522,0.347437969,0
HD38355,7.785733524,0.371254346,37.34534033,3.230639722,48.1749783,2.77762136,0.314432418,0
HD38382,8.176000564,0.339301455,38.56120504,3.453048707,45.78631622,3.338775508,0.345352509,0
HD38385,7.129406332,0.477615037,31.37927222,6.363484254,49.79984292,4.416512748,0.433866489,0
HD38510,,,,,,,,
HD38772,8.126337225,0.320911826,38.72135953,3.427699209,45.34565749,3.676099169,0.381935555,0
HD38858,7.996932536,0.31278821,38.35440504,3.025989087,46.70897708,3.237813815,0.363094238,0
HD38973,7.79261423,0.36907532,36.44851846,3.50535484,48.22419494,3.296981434,0.363260779,0
HD39091,8.058380228,0.361819666,38.46423008,3.412786741,46.20001854,3.158592977,0.344171773,0
HD39194,,,,,,,,
HD39427,7.995562084,0.30720768,37.75695339,2.992602614,47.26961336,3.306995206,0.371065665,0
HD3964,8.066078902,0.349475648,37.84267204,3.258621369,46.83460914,3.27656219,0.371980714,0
HD40105,8.09924855,0.387776238,39.82410899,3.149185007,45.36607162,2.789861795,0.3837478,0
HD4021,7.480077422,0.319089509,34.39358134,2.480444463,50.70636832,4.206433448,0.414005501,0
HD40307,8.866987539,0.279954525,45.04559897,3.417468131,38.12742471,3.891248691,0.371317431,0
HD40397,,,,,,,,
HD40483,7.892795119,0.355845845,36.88304552,3.318019101,47.68830437,3.429757356,0.432232684,0
HD40503,8.089781591,0.692274994,38.62277902,2.036552576,46.6045829,3.641498548,0.312530368,0
HD40865,,,,,,,,
HD41087,8.07900615,0.290281725,37.53051908,2.614789175,47.20300828,3.897814732,0.384580863,0
HD41248,8.106923762,0.332881105,39.61448547,3.05426086,45.33557472,3.20841576,0.347458325,0
HD41323,7.912758541,0.300515624,37.79478953,2.828030169,47.42605899,3.371852378,0.365994769,0
HD4208,,,,,,,,
HD42505,8.489266432,0.394040222,37.94070801,3.90982697,43.62048973,5.170613223,0.475055407,0
HD4307,,,,,,,,
HD4308,,,,,,,,
HD43197,7.817083489,0.458516339,37.66341465,3.531602364,47.69850836,2.508166214,0.322708586,0
HD44120,7.769431104,0.38014904,36.43499999,3.72023934,48.09543753,3.235604237,0.364138756,0
HD44219,8.223937122,0.295328362,39.52483195,3.474738603,45.02514687,3.099607146,0.35640995,0
HD44420,,,,,,,,
HD44447,,,,,,,,
HD4457,,,,,,,,
HD44573,7.920321582,0.314441578,37.33402746,2.78071801,47.8288511,3.487718814,0.333921457,0
HD44594,7.94022317,0.34630554,38.02106818,3.48398616,46.83919474,3.023158628,0.346063585,0
HD44804,7.515485078,0.394783408,35.47511139,2.773166051,50.29315421,3.208931077,0.339368789,0
HD45184,8.208206333,0.326569417,39.31338014,3.285432077,45.30284662,3.198725756,0.364839658,0
HD45289,,,,,,,,
HD45364,,,,,,,,
HD457,7.602240852,0.520507246,35.72659729,3.899812812,49.04296976,2.847267535,0.360604505,0
HD4597,,,,,,,,
HD45977,7.69760456,0.879399795,20.26521592,4.3331462,61.56534839,4.821563123,0.437722012,0
HD47186,8.043276136,0.523321345,39.2946409,3.321891409,45.80558462,2.665446353,0.345839231,0
HD48115,8.119293895,0.29519332,38.25351976,3.386285014,46.05284955,3.524585279,0.368273184,0
HD4838,8.430391204,0.316522617,38.45648824,2.999312586,44.72545104,4.606873048,0.464961265,0
HD48611,,,,,,,,
HD49035,8.08327337,0.409791519,40.09847364,3.31268353,45.25983304,2.520951341,0.314993561,0
HD4915,8.1099261,0.300977413,39.3639599,3.048954109,45.67556063,3.137150851,0.363470996,0
HD50590,,,,,,,,
HD50806,,,,,,,,
HD51608,,,,,,,,
HD51754,,,,,,,,
HD52265,7.677318412,0.379697998,35.72754561,3.767517597,48.81893361,3.261668385,0.367318392,0
HD52449,7.366593131,0.344540558,33.63606851,3.961478794,50.62794905,3.674868894,0.388501062,0
HD52919,7.728086117,0.262234595,35.83066438,3.313652542,48.84723292,3.687155744,0.330973703,0
HD5349,7.635871746,0.320693376,36.95343933,3.370598107,49.00495237,2.404869347,0.309575717,0
HD5388,6.86886212,0.925463309,31.25532941,3.403895255,53.15072423,3.947850534,0.447875145,0
HD54521,8.246570364,0.334833254,38.93977685,3.33768668,45.60144079,3.175631345,0.364060712,0
HD55,8.365180934,0.296918989,40.38339698,3.44552143,42.93267555,4.22317881,0.353127299,0
HD55693,7.616735,0.49068076,36.75901827,7.118951125,44.35565636,3.271903797,0.387054685,0
HD56274,,,,,,,,
HD56380,,,,,,,,
HD564,8.111826733,0.308202368,38.76152416,3.072224535,46.0241686,3.348401035,0.373652566,0
HD57568,8.697345814,0.383605011,40.78018085,3.43163631,41.88265972,4.206159805,0.618412482,0
HD58489,,,,,,,,
HD58676,7.972152505,0.309548297,37.60913062,3.208820338,47.41092193,3.153043163,0.336383145,0
HD59468,8.155249431,0.340736855,39.53520413,3.373153405,45.34914378,2.900150977,0.346361428,0
HD59711A,8.150867743,0.328450036,38.99726849,3.162906078,45.77404525,3.231995966,0.354466437,0
HD59984,,,,,,,,
HD61051,,,,,,,,
HD61383,,,,,,,,
HD61447,7.265078208,0.507419569,33.64589513,4.158954739,50.99377849,3.085806635,0.343067232,0
HD61902,,,,,,,,
HD61986,,,,,,,,
HD62128,7.961020859,0.448227112,38.19996788,3.289388008,47.05958618,2.700844741,0.340965225,0
HD62364,,,,,,,,
HD62847,8.027972457,0.268471482,38.05949617,2.821727963,47.10295365,3.356600512,0.362777772,0
HD62849,7.912339057,0.302454766,38.03866859,3.171592738,46.86087717,3.362497185,0.351570492,0
HD63454,6.888996514,0.359303804,31.77069316,3.389056409,53.65519733,3.601333259,0.33541953,0
HD6348,,,,,,,,
HD63685,,,,,,,,
HD63754,7.818358505,0.523919162,36.96827264,4.138865044,47.36028036,2.833125286,0.357179003,0
HD63765,8.167078483,0.300784764,39.24828718,2.77889934,45.85701851,3.313273831,0.334657887,0
HD64640,,,,,,,,
HD65216,8.251330254,0.2995996,39.54632254,3.034996617,45.15347825,3.361574386,0.352698355,0
HD65277,,,,,,,,
HD65562,,,,,,,,
HD65907A,,,,,,,,
HD65982,7.948770244,0.359484093,37.3460396,4.104844034,46.64763816,3.226124883,0.367098984,0
HD66039,7.968802988,0.31563784,36.70742649,3.748055773,47.35207816,3.541527018,0.366471728,0
HD66040,7.668820597,0.421171701,36.98486671,3.229060373,48.82128029,2.531982382,0.342817949,0
HD66168,7.103596883,0.300317508,32.44483173,3.892222272,51.96735732,3.859954165,0.431720119,0
HD66221,7.994483973,0.369250503,38.71559791,3.507018669,46.28828357,2.749936036,0.375429339,0
HD66340,8.083757533,0.351003002,38.80392939,3.227957535,46.18073191,3.02212433,0.330496298,0
HD66428,,,,,,,,
HD6673,8.021820217,0.289137849,38.16540019,2.915559628,46.69333852,3.565385075,0.349358519,0
HD66740,6.420047489,0.394660758,30.04614928,3.333043086,55.51034504,3.901444582,0.394309758,0
HD66838,8.639115015,0.285513292,44.99779228,2.560019739,40.52997284,2.689229262,0.298357577,0
HD67,8.10277382,0.353990564,37.98013997,3.174012758,46.68116297,3.334211788,0.373708121,0
HD6718,8.072804565,0.351927815,37.84586783,3.388992249,46.62336063,3.34545421,0.371592698,0
HD67200,6.117044417,0.448534366,29.33327801,3.939242396,56.74736553,3.046472204,0.368063078,0
HD6735,7.807446467,0.324743789,36.73717262,3.19269797,48.16048315,3.416192623,0.361263374,0
HD67458,7.962663581,0.287832337,37.73153369,3.433654279,46.80471064,3.397356175,0.382249297,0
HD68089,,,,,,,,
HD68284,,,,,,,,
HD68287,7.495792336,0.390376546,34.28061402,3.837962255,49.96129634,3.626479391,0.407479116,0
HD68607,8.025461275,0.319662636,38.74866563,2.87282293,46.64894838,3.04574383,0.338695319,0
HD68978A,7.786311304,0.346027565,36.28069283,3.59523828,48.22371656,3.397130211,0.370883255,0
HD69611,,,,,,,,
HD69655,7.860494774,0.368918356,36.77012783,3.569005743,47.65190264,3.411393057,0.3681576,0
HD69830,7.957136808,0.317117216,38.44011651,3.161089574,46.70569098,3.077664796,0.341184114,0
HD70642,,,,,,,,
HD70889,8.120909146,0.31152024,38.02341712,3.335056925,46.51962981,3.330333803,0.359132949,0
HD70903,7.865955245,0.283066494,37.70972291,2.995749175,47.42839713,3.356525593,0.360583446,0
HD71334,8.123377861,0.302451768,39.46580834,3.313394215,45.26954281,3.17437057,0.351054435,0
HD7134,,,,,,,,
HD71479,7.870908116,0.420538864,37.01442546,3.921237251,47.3103454,3.088926924,0.373617985,0
HD71685,7.719836405,0.295455688,36.06261632,3.076871354,48.82500962,3.609889041,0.410321576,0
HD71835,8.005778254,0.32108251,38.21039477,3.070673434,46.85615317,3.225656714,0.310261143,0
HD7199,,,,,,,,
HD72374,7.973593505,0.316746877,38.48373516,3.359922997,46.43680415,3.095379049,0.333818266,0
HD72579,,,,,,,,
HD72659,8.01904643,0.358829243,38.32240043,3.618301995,46.13577396,3.19808002,0.347567921,0
HD72673,,,,,,,,
HD72769,7.772868606,0.404099499,37.67499361,3.192311736,48.04390433,2.573296379,0.338525833,0
HD73121,7.952511061,0.353890376,37.53475862,3.921802638,46.66795103,3.197939541,0.371146737,0
HD73256,7.700977782,0.334063047,36.67695847,3.246724368,48.75042651,2.936499525,0.354350302,0
HD73267,,,,,,,,
HD73524,8.272595904,0.294157608,39.18726566,3.725607234,44.84665619,3.292923055,0.380794352,0
HD73583,8.019440521,0.315448132,36.09880579,3.173547056,47.10618585,4.852096802,0.434475851,0
HD74014,7.740734215,0.399460142,37.41436062,3.244071629,48.15300936,2.719411622,0.328952416,0
HD7449,7.735901604,0.314186604,35.87174799,3.287037411,48.79076706,3.60735731,0.393002016,0
HD74698,8.15243421,0.302010497,39.40822851,3.456519568,45.20349547,3.119058601,0.358253145,0
HD74957,8.29812403,0.395087587,39.9262259,3.743780404,44.03960002,3.211403537,0.385778522,0
HD750,7.863447611,0.272934431,36.95074522,2.61622631,48.55213232,3.412399135,0.332114977,0
HD75289,7.5590779,0.295360689,34.34927439,4.197296744,49.48831572,3.709831537,0.400843023,0
HD75328,7.819531895,0.356352054,36.68125126,3.560379148,47.64630735,3.563532823,0.372645471,0
HD75530,,,,,,,,
HD75745,,,,,,,,
HD75881,7.742065055,0.269361943,36.29953923,2.540699016,49.48644069,3.238454008,0.42344006,0
HD76151,8.051158715,0.372254635,38.14213417,3.194898729,46.6648738,3.234756627,0.339923322,0
HD76188,,,,,,,,
HD76440,7.997281104,0.315132539,37.41606612,6.746992564,43.91806837,3.21732361,0.389135696,0
HD77110,,,,,,,,
HD78429,7.918834596,0.314801035,37.11940671,3.488615718,47.55389913,3.228774003,0.375668805,0
HD78538,8.212368462,0.275606008,38.26956769,3.257659311,45.96620636,3.641582706,0.377009463,0
HD78558,,,,,,,,
HD78612,,,,,,,,
HD78747,,,,,,,,
HD78964B,8.022893624,0.291756321,37.72116949,2.745599938,47.55216066,3.311477211,0.354942754,0
HD79601,,,,,,,,
HD8038,7.827453101,0.355139927,36.47240288,3.126198019,48.4785345,3.352748664,0.387522909,0
HD80883,8.02188815,0.294586634,38.52812852,2.778625525,46.70496169,3.343601686,0.328207797,0
HD81639,8.333341799,0.289242467,41.47887154,3.22017178,43.2924375,3.049745185,0.336189723,0
HD81700,9.074923265,0.23140469,50.22697598,2.540909158,35.1983364,2.451171244,0.276279261,0
HD81767,7.706614261,0.416361232,36.14391229,3.319611548,48.8225283,3.232003194,0.358969171,0
HD82114,7.063015444,0.364769685,32.10580868,4.341459167,52.25991748,3.443659755,0.421369795,0
HD82342,,,,,,,,
HD82516,7.631496986,0.363680108,36.33159152,3.029259859,49.53013696,2.727225471,0.386609096,0
HD82783,,,,,,,,
HD82943,7.71576296,0.416937494,36.11069328,3.594909267,48.66547118,3.133808457,0.36241736,0
HD8326,7.628206052,0.291850234,35.13378346,3.25669455,49.35259878,3.973393178,0.36347375,0
HD83443,,,,,,,,
HD83529,8.237136025,0.256459915,39.7726354,3.528876634,44.37817877,3.451604215,0.375109044,0
HD8389A,,,,,,,,
HD8406,8.159649454,0.30048105,38.67069381,3.036925033,46.12825972,3.332871623,0.371119311,0
HD84305,7.785194918,0.320144027,37.06041507,3.133014367,47.91763613,3.398966629,0.38462886,0
HD84627B,8.044485432,0.360870033,37.66306802,3.220829993,46.61232875,3.692770486,0.405647287,0
HD85119,7.900809418,0.274694188,37.18898674,2.873865592,47.97328432,3.434400726,0.353959012,0
HD8535,7.963278653,0.356289958,37.35669591,3.701864894,46.98438683,3.2719381,0.365545653,0
HD85390,8.188960519,0.332598459,40.59617424,2.796000309,44.88179462,2.890158958,0.314312897,0
HD85512,9.022429017,0.471194684,45.16117754,6.277942945,33.29280319,5.214370414,0.560082205,0
HD85725,7.280741824,0.375725618,34.07498571,3.728102029,51.0529437,3.139585422,0.347915698,0
HD86065,7.262540036,0.309576413,34.145442,3.231356291,51.98976389,2.727528898,0.333792469,0
HD86140,8.068587098,0.304302556,38.62517634,2.998627934,46.50028143,3.142730184,0.36029446,0
HD86171,8.139239601,0.285636263,39.11814192,2.906901561,45.70495905,3.497960007,0.347161598,0
HD8638,,,,,,,,
HD86652,7.875018981,0.394129249,36.74544749,3.55022312,47.83972194,3.233256522,0.362202691,0
HD870,8.348492108,0.283426994,39.99503538,2.818760601,44.72920627,3.478906101,0.346172549,0
HD87320,,,,,,,,
HD87521,6.99902698,0.364043581,32.33837947,3.189850727,53.00335484,3.742440244,0.36290415,0
HD87838,,,,,,,,
HD88084,8.091045503,0.349414466,38.98573769,3.459058155,45.55026025,3.201417969,0.363065969,0
HD88218,,,,,,,,
HD8828,8.080869084,0.295424206,39.08507523,3.155462762,45.98286832,3.044020506,0.356279889,0
HD88474,7.158583045,0.275776423,32.44307496,3.699764807,52.32474445,3.652234305,0.445822007,0
HD8859,8.050422581,0.315773099,38.27718614,3.419732308,46.40076175,3.17963029,0.356493835,0
HD88656,8.24277139,0.285200399,39.05844989,2.721241658,45.84585849,3.516832021,0.32964615,0
HD88725,,,,,,,,
HD88742,7.888987115,0.333674207,36.80336357,3.257914022,47.91512417,3.446070303,0.354866615,0
HD88885,8.33998896,0.281115024,40.31335397,3.058447564,44.56911783,3.103741573,0.33423508,0
HD8912,7.93730222,0.300871755,37.83957885,2.798971014,47.48226201,3.291417059,0.349597092,0
HD89147,8.285249488,0.321434438,39.41461419,3.145642667,45.21082022,3.266584534,0.355654461,0
HD8930,8.062038421,0.316050004,37.69820533,2.846903739,47.19606405,3.465431329,0.415307122,0
HD89454,7.959680429,0.323120128,37.40493357,3.154866561,47.480359,3.314099242,0.362941072,0
HD89668,8.623172868,0.474691346,40.64210462,4.886841986,40.88474521,4.049606369,0.438837605,0
HD89749,8.004764027,0.281888384,38.16296029,3.059807907,46.79798583,3.327198237,0.365395317,0
HD89839,7.662456856,0.349347128,35.63051116,3.671758932,49.02382112,3.282907715,0.379197092,0
HD8985,7.985838038,0.336500892,37.28645505,3.842405565,47.11250554,2.870699389,0.565595527,0
HD89920,8.049299824,0.32509588,38.51025028,3.174157323,46.46879892,3.133379246,0.339018527,0
HD89965,7.581055784,0.441323104,35.50761805,3.114394665,49.53437022,3.481433958,0.339804219,0
HD90081,8.2248373,0.299039645,39.92947904,2.731151245,45.06908594,3.394144014,0.352262824,0
HD90133,8.11320447,0.312188838,38.81344993,3.034131183,46.08582356,3.284118871,0.357083148,0
HD90156,8.253348717,0.283661302,40.67850344,3.284105301,44.05042196,3.088883924,0.361075356,0
HD90422,,,,,,,,
HD90702,8.048270605,0.393850762,37.31612722,3.427272784,46.93336264,3.494082754,0.387033244,0
HD90711,,,,,,,,
HD90722,7.765246768,0.430868418,37.31724185,3.523397518,47.91755425,2.712352678,0.333338525,0
HD90812,,,,,,,,
HD90926,7.899237719,0.362792115,37.68970296,3.178885035,47.51249325,3.031512312,0.325376607,0
HD90936,7.518512701,0.357640204,35.07609265,3.327080552,50.07215867,3.291909067,0.356606161,0
HD91267,8.27033152,0.328954144,40.15135789,3.039151462,45.1113001,2.761447932,0.337456954,0
HD91345,9.080235067,0.177377004,36.17946917,2.063071586,49.2093124,2.984687125,0.305847642,0
HD91379,7.891208898,0.3688349,37.01663049,2.988470623,47.86102441,3.474029527,0.399801147,0
HD9246,8.342639268,0.280668091,40.99755108,2.876140005,43.48535519,3.682939097,0.334707268,0
HD92547,,,,,,,,
HD92588,8.294422302,0.296423707,40.13079933,2.763948312,45.08820191,3.033293479,0.392910964,0
HD92719,8.140949108,0.304395874,38.63702119,3.221482254,45.98209373,3.345339956,0.368717896,0
HD92788,7.713477455,0.405297183,37.01165119,3.430761816,48.29737941,2.797532124,0.343900821,0
HD93083,,,,,,,,
HD93351,8.060960455,0.254307502,38.98737962,3.419606657,45.86793128,3.057459186,0.352355301,0
HD93380,8.647926081,0.468590029,39.38745482,4.419875388,40.63900106,6.022745886,0.414406735,0
HD93385,7.864848208,0.356701413,37.22800002,3.523074383,47.47388918,3.193789781,0.359697011,0
HD93745,7.945631627,0.391801168,36.69700331,4.484176602,46.79675157,3.29660735,0.388028372,0
HD93932,,,,,,,,
HD94151,8.084701121,0.353666785,38.73995834,3.091799029,46.31740885,3.045059413,0.367406465,0
HD94444,,,,,,,,
HD94771,8.065406084,0.356290563,38.7586993,3.462751303,46.12690339,2.856313127,0.37363623,0
HD94964,,,,,,,,
HD95456,7.752987415,0.367632319,35.72551996,4.083482187,48.25737168,3.438865419,0.374141016,0
HD95521,7.82876048,0.330822738,36.32120317,3.35901802,48.16652695,3.594155378,0.399513268,0
HD95533,8.209452611,0.33284135,39.42776415,3.264782524,45.43465725,2.959639205,0.370862912,0
HD95542,7.993230772,0.294168953,37.08187712,3.230084007,47.3965594,3.619081239,0.384998505,0
HD9578,8.015179621,0.31376922,36.91264903,3.649449183,47.07174729,3.652681753,0.384523904,0
HD95860,,,,,,,,
HD95922,8.736752422,0.257803802,42.15549499,1.415488353,43.59526273,3.453749338,0.385448369,0
HD9608,8.155999783,0.305788872,39.17297473,2.910976231,45.66375891,3.423128276,0.367373203,0
HD96116,7.94718243,0.302793256,36.87322067,3.21190861,47.67560123,3.615327912,0.373965894,0
HD96276,8.079028771,0.371589957,37.29313062,4.146493125,46.26088625,3.451957689,0.396913586,0
HD96290,7.582314546,0.336552257,34.4839798,4.782659793,49.00072303,3.451866599,0.361903978,0
HD96423,8.100198655,0.340505319,39.0560911,3.465300348,45.63245994,3.062847662,0.342596978,0
HD96673,8.55750672,0.370220575,39.72148046,4.246953771,43.01406952,3.560098779,0.529670173,0
HD967,,,,,,,,
HD96700,8.17103575,0.302076612,39.7815753,3.332223199,44.90214445,3.155866316,0.355078368,0
HD97037,8.141256927,0.302839708,38.88460524,3.52232805,45.53683062,3.244997122,0.367142327,0
HD97343,,,,,,,,
HD97783,,,,,,,,
HD9782,7.918005901,0.37700058,37.2311879,3.395932116,47.47795443,3.245962622,0.353956457,0
HD9796,,,,,,,,
HD97998,8.187564193,0.350128491,39.97535483,3.371665129,44.50178522,3.237642921,0.37585922,0
HD98281,,,,,,,,
HD98284,,,,,,,,
HD98356,7.853593367,0.383594737,37.36263651,2.940963416,48.08643946,3.026036321,0.346736187,0
HIP102025,8.432827402,0.29091863,38.93466193,3.701591722,44.25083951,4.025066221,0.364094583,0
HIP102964,7.038549254,0.281919169,31.74603441,3.301730257,52.63499535,4.646501741,0.350269824,0
HIP103867,9.669619927,0.309023185,47.2667715,2.658324822,33.81746472,5.929151686,0.349644169,0
HIP104856,8.532281236,0.293694951,42.31178586,3.52787723,41.40439683,3.531002116,0.398961779,0
HIP105506,8.266160357,0.314435312,38.02736108,3.777011402,45.25653448,3.985958844,0.372538522,0
HIP10741,,,,,,,,
HIP108216,,,,,,,,
HIP109149,7.455351731,0.259693017,34.83574855,2.153164715,51.24013357,3.659837212,0.396071213,0
HIP109421,8.487250502,0.559404778,36.83757619,4.947014167,42.54770633,6.119665279,0.50138275,0
HIP113596,7.891327165,0.46075673,36.73132231,4.366049651,46.518068,3.71940255,0.313073591,0
HIP116374,7.230556919,0.267027733,32.51780661,4.520363412,50.54827621,4.503579831,0.412389278,0
HIP116939,8.176385961,0.36984521,39.04674839,2.68928594,46.256203,3.147904118,0.313627383,0
HIP12147,8.343663267,0.288896289,39.93069224,2.974123143,44.55453806,3.521627858,0.386459145,0
HIP15587,8.48629005,0.301352674,43.1161451,2.74594625,42.28876781,2.748378525,0.313119586,0
HIP16094,7.955718127,0.335619694,36.67856303,3.439255337,47.64281555,3.538742276,0.409285979,0
HIP17346,8.13930697,0.390825543,37.11485906,4.452458938,44.99175374,4.539253503,0.371542249,0
HIP1745,,,,,,,,
HIP18918,7.684505938,0.363596489,35.41478068,3.336081591,48.39156445,4.504236421,0.305234428,0
HIP20444,7.755462152,0.385543345,36.86702438,3.578410778,47.9980056,3.034413122,0.381140621,0
HIP21539,8.125765949,0.336026488,37.14825242,3.572650189,46.40058908,3.966203648,0.450512234,0
HIP21934,7.629149973,0.604855461,34.29386876,5.718321759,46.75215,4.662867805,0.338786241,0
HIP22059,8.49212957,0.28767561,39.30682073,3.158784697,43.95952837,4.404580377,0.390480642,0
HIP25612,8.364355759,0.386900078,37.77145306,4.170765759,43.62634189,5.279591414,0.400592045,0
HIP26013,7.700148519,0.41664549,36.16858846,3.414944636,48.40794721,3.587303998,0.304421686,0
HIP26542,8.147345102,0.360587074,37.03181768,3.686609491,45.62050997,4.688259596,0.464871082,0
HIP31639,,,,,,,,
HIP32127,,,,,,,,
HIP32812,6.943708999,0.445219337,26.00991264,4.028941864,58.30744345,3.80693547,0.457838236,0
HIP33392,8.388999357,0.336856127,41.30563727,3.622942438,42.81485062,3.187468844,0.343245345,0
HIP35992,,,,,,,,
HIP36347,7.586329962,0.414962409,33.15687804,8.543301611,45.20211314,4.731624299,0.364790539,0
HIP38324,8.153917634,0.461176138,35.27213136,5.351602036,44.5673498,5.752654942,0.441168089,0
HIP39470,8.161663139,0.278817812,37.0582912,2.805029912,46.39492703,4.935396075,0.365874836,0
HIP41659,,,,,,,,
HIP45301,7.885811553,0.356061798,36.4829759,3.55747915,47.4980043,3.83289461,0.386772694,0
HIP46933,8.512947247,0.264584902,40.09866684,2.761735237,44.53639293,3.520193652,0.305479197,0
HIP5114,,,,,,,,
HIP5158,8.166821307,0.454664612,38.21695036,3.884258595,45.27319396,3.661783385,0.342327785,0
HIP54446,7.310194103,0.294616728,34.34173851,2.488137542,51.80925928,3.406111798,0.349942033,0
HIP54597,8.736479777,0.364910813,42.43767745,3.897657869,40.39584655,3.829907009,0.337520525,0
HIP57688,7.00811181,0.352076412,31.9302122,3.171421105,52.57592364,4.494055448,0.468199391,0
HIP58348,7.815805324,0.344247178,36.42799467,3.519551882,47.75516725,3.79203106,0.345202631,0
HIP59925,8.201120402,0.329085805,37.65945451,2.890188257,46.39371298,4.114439178,0.411998862,0
HIP61406,8.18151703,0.505322067,37.85586193,4.854955417,44.43429001,3.798129433,0.369924112,0
HIP64965,7.298780708,0.269447575,31.04839497,4.732506964,50.07538081,5.990675232,0.584813745,0
HIP67126,8.230076343,0.369085633,38.78752024,3.645391047,44.9031824,3.742214154,0.322530178,0
HIP69224,8.306400288,0.294341698,40.58977708,3.079418916,44.25901785,3.16120957,0.309834595,0
HIP7058,8.168284097,0.517995401,35.96588731,6.530446656,44.00235143,4.328400125,0.486634984,0
HIP7743,7.687308668,0.441068163,35.8980275,3.656980911,48.37886687,3.552280139,0.385467745,0
HIP78242,8.03385972,0.350319141,38.37326404,3.076669521,46.73194405,3.093608581,0.340334951,0
HIP80083,,,,,,,,
HIP88316,,,,,,,,
HIP9398,9.784230513,0.512927479,47.93148023,6.70923414,28.72142261,5.795053672,0.545651353,0
HIP96240,7.421670378,0.278028374,34.24948101,2.835999188,50.96113607,3.873384557,0.380300419,0
HIP98764,8.775932018,0.495096179,42.58478412,2.866200432,41.48007722,3.441050701,0.356859337,0
HIP99606B,,,,,,,,